GRB_x,z,GRB_clean,GRB_y,Time [UT],Trigger Number,BAT RA (J2000),BAT Dec (J2000),BAT T90 [sec],BAT Fluence (15-150 keV) [10^-7 erg/cm^2],XRT RA (J2000),XRT Dec (J2000),XRT Time to First Observation [sec],XRT Early Flux (0.3-10 keV) [10^-11 erg/cm^2/s],UVOT RA (J2000),UVOT Dec (J2000),UVOT Time to First Observation [sec],UVOT Magnitude,Other Observatory Detections,Redshift,Host Galaxy,Comments,References,T90,T90_corr
260101A,2.623,260101A,260101A,00:56:30,1429608,86.442,63.583,48.00,45,05:45:42.93,63:35:32.5,84.66,,05:45:42.96,63:35:32.1,144,V=16.17,"Fermi (GBM), LCO (1m), GTC, SVOM/GRM, NOT, GECAM-B, COLIBRÃ, Konus-Wind, 239Alferov CubeSat",2.623 (GTC: absorption)|2.623 (NOT: absorption),,,"BAT: GCN 43285; GCN 43354|XRT: GCN 43285; GCN 43289; GCN 43291; Evans et al., 2009, MNRAS, 397, 1177|UVOT: GCN 43285; GCN 43318|Redshift: GCN 43287 (GTC); GCN 43293 (NOT)",48.0,13.248688931824454
251126A,3.6,251126A,251126A,19:10:36,1417793,99.939,54.989,9.00,4.4,06:39:46.39,54:59:10.6,81.66,,,,86,V=18.7,"GIT (70cm), Nanshan/HMT (0.5m), Asiago, Kilonova-Catcher, COLIBRÃ, LCO (1m), DFOT (1.3m), NOT, MITSuME (50cm), Mondy/AZT-33IK, SAO/Zeiss-1000, MAO/AZT-22, NUTTelA-TAO, OHP/T193, SVOM/VT",3.52 (COLIBRÃ: photometric)|~3.6 (OHP/T193: tentative),,,"BAT: GCN 42843; GCN 42876|XRT: GCN 42843; GCN 42845; GCN 42851; GCN 42860; Evans et al., 2009, MNRAS, 397, 1177|UVOT: GCN 42863|Redshift: GCN 42855 (COLIBRÃ); GCN 42871 (OHP/T193)",9.0,1.956521739130435
251017A,4.327,251017A,251017A,08:40:44,1404904,335.404,7.048,116.90,12,22:21:36.32,07:02:24.3,109.53,203,22:21:36.24,07:02:23.6,98,V>18.8,"BOOTES-5/JG, COLIBRÃ, MITSuME (50cm), JinShan, Glowbug, Palomar (1m), OHP/T193, SVOM (VT), VLT, Belesta Observatory (820mm), INASAN-Kislovodsk, Mondy AZT-33IK (1.5m), Koshka Zeiss-1000 (1m)",4.34 (COLIBRÃ: photometric)|4.327 (VLT: absorption),,,"BAT: GCN 42322; GCN 42366|XRT: GCN 42322; GCN 42326; GCN 42347; Evans et al., 2009, MNRAS, 397, 1177|UVOT: GCN 42322; GCN 42355|Redshift: GCN 42348 (COLIBRÃ); GCN 42350 (VLT)",116.9,21.944809461235216
250925A,4.2,250925A,250925A,17:04:26,1352124,341.207,46.549,64.51,27,22:44:51.31,46:33:20.5,3700,,,,3740,V>19.94,"NOT, Liverpool (2m), Virtual Telescope Project (14""), COLIBRÃ, OSN (1.5m), GTC (10.4m), JinShan (100cm), Einstein Probe (WXT), Mondy (AZT-33IK 1.5m), AbAO (AS-32 0.7m), MAO/AZT-22 (1.5m)",3.899 (GTC: absorption)|4.20 (COLIBRÃ: photometric),,"Due to an observing constraint, Swift did not slew.|UVOT: no detection","BAT: GCN 41985; GCN 42006|XRT: GCN 41988; GCN 42017; Evans et al., 2009, MNRAS, 397, 1177|UVOT: GCN 42007|Redshift: GCN 41997 (GTC); GCN 42004 (COLIBRÃ)",64.51,12.40576923076923
250920C,1.399,250920C,250920C,15:25:17,1351039,51.465,-29.646,38.02,130,03:25:51.73,-29:39:19.1,123.78,150,03:25:51.76,-29:39:20.2,124,V=14.56,"Fermi (GBM), GOTO, LCOGT (1m), LCO (1m), GROWTH-India (0.7m), GTC (10.4m), SVOM (GRM), PRIME, COLIBRÃ, SALT, VLT, KAIT (0.76m), Konus-Wind, TRT (0.7m), Kilonova-Catcher",1.40 (GTC: absorption)|1.399 (SALT: absorption)|1.399 (VLT: absorption),,,"BAT: GCN 41904; CGN 41924|XRT: GCN 41904; GCN 41922; GCN 41935; Evans et al., 2009, MNRAS, 397, 1177|UVOT: GCN 41920|Redshift: GCN 41928 (GTC); GCN 41952 (SALT); GCN 41955 (VLT)",38.02,15.848270112546896
250322A,0.4215,250322A,250322A,16:06:12,1297832,106.775,7.197,0.62,1.5,07:07:02.52,07:11:35.3,72.60,,,,77,V>18.9,"AstroSat CZTI, Konus-Wind",0.42 (Gemini-North: emission from likely host)|0.4215 (VLT: emission from likely host),,UVOT: no detection,"BAT: GCN 39835; GCN 39867|XRT: GCN 39835; GCN 39841; GCN 39855; Evans et al., 2009, MNRAS, 397, 1177|UVOT: GCN 39835; GCN 39861|Redshift: GCN 39852 (Gemini-North); GCN 39859 (VLT)|Host: GCN 39852 (Gemini-North); GCN 39859 (VLT)",0.62,0.4361589869855786
250129A,2.15,250129A,250129A,04:45:09,1285812,198.708,5.029,262.25,50,13:14:42.34,05:01:50.8,158.60,1180,13:14:42.41,05:01:50.3,1185,V=17.24,"MASTER-OAFA, VLT, GOTO, NOT, LCO (1m), LCOGT (0.4m), OHP/T193, REM (60cm), KAIT (0.76m), Skynet, GRANDMA/TAROT, AKO (0.36m), TNG (3.6m), Liverpool (2m), iTelescope, COLIBRÃ, Konkoly (RC80), SAO RAS (1m), Calapai Observatory (11""), DFOT (1.3m), Konus-Wind, SVOM/C-GFT, 7-Dimensional Telescopes, AbAO AS-32 (0.7m), Mondy AZT-33IK (1.5m), ABObservatory (30cm)",2.151 (VLT: absorption)|2.15 (NOT: absorption)|2.15 (OHP/T193: absorption),,,"BAT: GCN 39066; GCN 39147|XRT: GCN 39066; GCN 39082; GCN 39089; Evans et al., 2009, MNRAS, 397, 1177|UVOT: GCN 39066; GCN 39085|Redshift: GCN 39071 (VLT); GCN 39073 (NOT); GCN 39078 (OHP/T193)",262.25,83.25396825396825
250101A,2.481,250101A,250101A,13:22:50,1278305,37.057,19.181,34.19,6.3,02:28:16.52,19:11:40.0,127.42,,02:28:16.47,19:11:39.6,133,V=18.10,"GMG (2.4m), GIT (0.7m), Nanshan/HMT (0.5m), MASTER, SVOM/C-GFT, Xinglong (2.16m), SAO RAS (1m), AKO (0.36m), BOOTES-4/MET, OASDG (0.5m), LCOGT (40cm), Montarrenti Observatory (0.53m), Mephisto (1.6m), NUTTelA-TAO/BSTI, LCOGT (1m), Liverpool (2m), DFOT (1.3m), NUTTelA-TAO, REM (60cm), Terskol K-800 (0.8m), CMO RC-500 (0.5m), Terskol Zeiss-2000 (2m), Calapai Observatory (11"")",2.49 (Xinglong: absorption)|2.481 (GMG: absorption),,,"BAT: GCN 38752; GCN 38782|XRT: GCN 38752; GCN 38761; GCN 38773; Evans et al., 2009, MNRAS, 397, 1177|UVOT: GCN 38752; GCN 38775|Redshift: GCN 38759 (Xinglong); GCN 38776 (GMG)",34.19,9.821890261419131
241030A,1.4,241030A,241030A,05:48:03,1263718,343.216,80.438,173.3,273,22:52:33.35,80:26:59.1,73.53,1290,22:52:33.47,80:26:59.8,83,V=13.71,"Fermi (GBM & LAT), COLIBRÃ (SVOM/F-GFT), LCOGT (40cm), Keck (10m), TRT (0.7m), MITSuME (50cm), SVOM/VT, Mephisto (1.6m), SVOM/GRM, AKO (0.36m), Konus-Wind, ATLAS, SAO RAS (1m), Fraunhofer Telescope Wendelstein, Palomar (1m), Einstein Probe, GMG (2.4m), Virtual Telescope Project (17""), TNOT (0.8m), OHP/T193, Kinder, GRBAlpha, INAF Asiago Observatory, TESS, Sun Yat-sen University (80cm)",1.411 (Keck: absorption)|~1.4 (GMG: absorption),,,"BAT: GCN 37956; GCN 38010|XRT: GCN 37956; GCN 37962; GCN 37988; Evans et al., 2009, MNRAS, 397, 1177|UVOT: GCN 37956; GCN 37974; GCN 38055|Redshift: GCN 37959 (Keck); GCN 38027 (GMG)",173.3,72.20833333333334
241026A,2.791,241026A,241026A,22:42:32,1262764,293.425,57.996,25.2,25,19:33:36.14,57:59:09.7,114.45,,,,118,V>19.8,"Fermi (GBM), SAO RAS (1m), COLIBRÃ (SVOM/F-GFT), KAIT (0.76m), Las Cumbres (1m), BTA (6m), GROWTH-India, SVOM/GRM, Zeiss-100, GECAM-B, LBT, TNOT (0.8m), GRBAlpha, SAO RAS, LBT, SAO RAS (6m), VLA @ (6, 10 and 15 GHz)",2.79 (BTA: absorption)|2.791 (LBT: absorption),,UVOT: no detection,"BAT: GCN 37896; GCN 37971|XRT: GCN 37896; GCN 37897; GCN 37904; GCN 37908; Evans et al., 2009, MNRAS, 397, 1177|UVOT: GCN 37896; GCN 37947|Radio: GCN 38320 (VLA)|Redshift: GCN 37916 (BTA); GCN 37925 (LBT)",25.2,6.647322606172514
240912A,1.23,240912A,240912A,01:46:39,1253910,124.625,33.999,113.24,450,08:18:32.28,33:59:56.9,106.02,8640,08:18:32.40,33:59:56.3,115,V=17.78,"Fermi (GBM), GTC (10.4m), NOT (2.56m), INTEGRAL, LCOGT (1m), SVOM/GRM, Konus-Wind, VLA @  6, 10 & 15 GHz",1.234 (GTC: absorption)|1.23 (NOT: absorption),"g = 23.08, r = 22.88, and z = 22.01 (LCOGT/Legacy Surveys: likely host)",,"BAT: GCN 37466; GCN 37539|XRT: GCN 37466; GCN 37470; GCN 37479; Evans et al., 2009, MNRAS, 397, 1177|UVOT: GCN 37466; GCN 37487|Radio: GCN 37978 (VLA)|Redshift: GCN 37469 (GTC); GCN 37471 (NOT)|Host: GCN 37476 (LCOGT)",113.24,50.780269058295964
240825A,0.66,240825A,240825A,15:52:59,1250617,344.57,1.019,57.20,250,22:58:17.16,01:01:35.0,83.11,3240,22:58:17.26,01:01:36.9,93,V=17.02,"Fermi (GBM & LAT), Nanshan/HMT (0.5m), PROMPT-MO, AKO (0.36m), Mephisto (1.6m), GMG (2.4m), LCO (1m), MASTER-SAAO, Montarrenti Observatory (0.53m), SVOM/C-GFT (1.2m), VLT, REM (60cm), AstroSat CZTI, MISTRAL/T193 OHP (193cm), PRIME (1.8m), Konus-Wind, KAIT (0.76m), TNG (3.6m), SAO RAS (1m), ALMA @ 97.5 GHz, GECAM-B, VLA @ 8.6 GHz, iTelescope (T73, 0.356m), SVOM/VT, MeerKAT @ (1.3 and 3 GHz), MeerLICHT (0.6m), ATCA, SVOM/VT, INTEGRAL",0.659 (VLT: absorption & emission)|~0.66 (TNG: absorption),,,"BAT: GCN 37274; GCN 37355|XRT: GCN 37274; GCN 37290; GCN 37294; Evans et al., 2009, MNRAS, 397, 1177|UVOT: GCN 37274; GCN 37296|Radio: GCN 37314 (ALMA); GCN 37322 (VLA); GCN 37353 (MeerKAT); GCN 37388 (ATCA)|Redshift: GCN 37293 (VLT); GCN 37310 (TNG)",57.2,34.45783132530121
240809A,1.494,240809A,240809A,08:30:29,1247745,237.545,-2.331,72.86,97,15:50:10.58,-02:19:04.3,88.31,467,15:50:10.52,-02:19:03.0,98,V=16.11,"SVOM/GRM, ECO1 (0.4m), Skynet/PROMPT, JinShan, NOT (2.5m), GROWTH-India (0.7m), KAIT (0.76m), VLT, Bassano Bresciano Observatory, REM (60cm), Liverpool (2m), Konus-Wind, ALMA @ 97.5 GHz, VLA @ 15 GHz, Belesta Observatory (820mm), Vidauban (300mm), Madagascar (350mm). Nastro Verde Observatory",1.495 (NOT)|1.494 (VLT: absorption),,UVOT: no detection,"BAT: GCN 37110; GCN 37154|XRT: GCN 37110; GCN 37115; GCN 37121; Evans et al., 2009, MNRAS, 397, 1177|UVOT: GCN 37110; GCN 37123|Radio: GCN 37157 (ALMA); GCN 37158 (VLA); GCN 37167 (VLA)|Redshift: GCN 37122 (NOT); GCN 37129 (VLT)",72.86,29.21411387329591
240414A,1.833,240414A,240414A,02:20:36,1221714,184.781,56.734,88.28,35,12:19:08.07,56:44:26.0,103.18,335,12:19:08.09,56:44:28.6,9754,V>19.60,"OHP (T193cm), GTC (10.4m), Skynet, Mondy/AZT-33IK (1.5m), Fermi (GBM), GMG, Glowbug, LBT, VLA @ 6 and 10 GHz",1.833 (OHP: absorption)|1.833 (GTC: absorption),,,"BAT: GCN 36083; GCN 36140|XRT: GCN 36083; GCN 36102; GCN 36104; Evans et al., 2009, MNRAS, 397, 1177|UVOT: GCN 36115|Radio: GCN 36231 (VLA)|Redshift: GCN 36085 (OHP); GCN 36087 (GTC)",88.28,31.16131309565831
231117A,0.257,231117A,231117A,03:03:19,1197027,332.404,13.516,0.67,23,22:09:33.57,13:31:21.1,101.84,,,,106,V>18.8,"AstroSat CZTI, AGILE, Konus-Wind, Glowbug, Lulin (40cm), Keck I (10m), Liverpool (2m), GIT (0.7m), GRBAlpha, ATCA @ 9 GHz, ePESSTO+, Lowell Discovery, SOAR (4m), VLA @ 10 GHz, GECAM-C, Pan-STARRS1, OHP/T120, MITSuME (50cm), CALET (GBM), Wendelstein (2m). GTC, Chandra, Mondy (AZT-33IK), MeerKAT @ 1.3 GHz",0.257 (Keck I: emission & absorption)|0.257 (ePESSTO+: emission),,,"BAT: GCN 35071; GCN 35152|XRT: GCN 35071; GCN 35074; GCN 35128; Evans et al., 2009, MNRAS, 397, 1177|UVOT: GCN 35071; GCN 35134; GCN 35154|Radio: GCN 35097 (ATCA); GCN 35114 (VLA); GCN 35201 (MeerKAT)|Redshift: GCN 35093 (Keck I); GCN 35098 (ePESSTO+)",0.67,0.5330151153540175
231111A,1.179,231111A,231111A,14:17:19,1195887,290.197,52.44,34.08,34,19:20:45.37,52:26:08.9,99.63,107,19:20:45.25,52:26:10.5,165,V>19.85,"Nanshan/HMT (0.5m), MASTER, GIT (0.7m), YAHPT, GECAM-C, Mindy AZT-33IK, Nastro Verde Observatory - Sorrento, GMG, Mephisto, Leavitt Observatory (250mm), NUTTelA-TAO/BSTI, TNG, OSIRIS+/GTC, Xinglong (2.16m), MDM (2.4m), Terskol (Zeiss-2000), Abastumani (AS-32), Maidanak (AZT-22), Mondy (AZT-33IK), Assy (AZT-20)","~1.39 (TNG, tentative)| 1.179 (GTC)",,,"BAT: GCN 34981; GCN 35033|XRT: GCN 34981; GCN 34991; GCN 34995; Evans et al., 2009, MNRAS, 397, 1177|UVOT: GCN 34981; GCN 35069|Redshift: GCN 35007 (TNG); 35009 (GTC)",34.08,15.640201927489672
230818A,2.42,230818A,230818A,23:27:34,1186032,285.888,40.888,9.82,19,19:03:33.15,40:53:48.3,141.12,,19:03:33.13,40:53:49.0,144,V=18.40,"MASTER-Tavrida, Fermi (GBM), GOTO, SAO RAS Zeiss-1000, NOT, KGO RC-25, Bassano Bresciano Observatory (250mm), Tautenburg (1.34m), AstroSat CZTI, SAO RAS (6m), Nickel (1m), KAIT (0.76m), Konus-Wind, GRID-03B",2.42 (NOT: absorption)|2.42 (SAO RAS: absorption),,,"BAT: GCN 34479; GCN 34515|XRT: GCN 34479; GCN 34484; GCN 34489; Evans et al., 2009, MNRAS, 397, 1177|UVOT: GCN 34479; GCN 34486|Redshift: GCN 34485 (NOT)",9.82,2.8713450292397664
221009A,0.1505,221009A,221009A,14:10:17,1126853,288.254,19.809,1068.40,740,19:13:03.85,19:46:22.7,91.60,2510,19:13:03.48,19:46:24.6,179,V= 15.55,"MASTER-SAAO, Fermi (GBM & LAT), Liverpool, SCT (0.28m), IPN, BOOTES-2/TELMA (60cm), OSN (0.9m), Sayan Observatory (AZT-33IK), MeerLICHT (0.6m), Nanshan (0.6m), VLT, SCT (0.36m), AGILE, REM (60cm), AMI-LA (@15.5 GHz), SAAO (1.8m), ATA (@1.5, 3, 6, 8, and 10 GHz), LOAO (1m), INTEGRAL, Solar Orbiter STIX, GROWTH-India (0.7m), SRG/ART-XC, Burke-Gaffney (0.61m), Al Khatim (0.36m), Lulin (40cm), Konus-Wind, Lick/Nickel (1m), AZT-20, NOEMA (@90 GHz), LHAASO, BlackGEM, iTelescope (T24, 0.61m), Sintez-Newton (350mm), GRBAlpha, GTC (10.4m), COATLI (50cm), LCOGT (1m), NICER, NuSTAR, eMERLIN (@1.51 GHz), SMA (@ 230.7 GHz), Konkoly (RC80), GMG (2.4m), MITSuME (50cm), ASKAP (@ 888 MHz), Lowell Discovery Telescope (4.3m), MeerKAT (@ 1.284 GHz), RTT-150 (1.5m), SIRI-2, Gemini-South, HEBS, OHP (120cm), MAXI, VLA, Pan-STARRS, Large Binocular Telescope, ALMA & ACA (@ 97.5, 145, & 203 GHz), ATCA (@ 16.7, 21.2, 33, 35, 45 & 47 GHz), LEIA, Faulkes Telescope North, Medicina (@ 8.2 GHz), GRANDMA, BOAO (1.8m), TNG (3.6m), BepiColombo-MGNS, LBT, DFOT (1.3m), James Webb Space Telescope, SARA-RM (1m), VLBA (@15.2 GHz), HST, Japanese VLBI Network (@ 6.86 and 8.45 GHz), DAMPE, Las Cumbres Observatory (2m, MuSCAT3), EVN (@ 8.3 & 5 GHz)",0.151 (VLT: absorption & emission from host)|0.1505 (GTC: absorption),,"Originally thought to be Swift J1913.1+1946.|XRT: discovery of multiple dust-scattering X-ray rings around GRB 221009A|Detection as sudden ionospheric disturbances (SID), See GCN 32744 & 32745","BAT: GCN 32632; GCN 32688|XRT: GCN 32632; GCN 32635; GCN 32651; GCN 32671; GCN 32680; GCN 33305; Evans et al., 2009, MNRAS, 397, 1177|UVOT: GCN 32632; GCN 32656|Radio: GCN 32653 (AMI-LA); GCN 32655 (ATA); GCN 32676 (NOEMA); GCN 32700 (eMERLIN); GCN 32707 (SMA); GCN 32736 (ASKAP); GCN 32740 (MeerKAT); GCN 32757 (VLA); GCN 32761 (ALMA & ACA); GCN 32763 (ATCA); GCN 32766 (ATCA); GCN 32791 (Medicina); GCN 32907 (VLBA); GCN 32949 (Japanese VLBI Network); GCN 33243 (EVN)|Redshift: GCN 32648 (VLT); GCN 32686 (GTC); GCN 32765 (VLT)|Other: GCN 32744; GCN 32745; GCN 32762; GCN 32780; GCN 32793; GCN 32808; GCN 32819; GCN 32828; GCN 32850",1068.4,928.6397218600608
220521A,5.57,220521A,220521A,23:20:21,1107466,275.218,10.372,13.55,8.1,18:20:55.15,10:22:18.4,96.34,,,,99,V>19.5,"Fermi (GBM), NOT, SAO RAS (1m), LCO (1m), MMT (6.5m), Gemini-South, ISON-Castelgrande, INTEGRAL, ALMA @ 97.5 GHz, ATCA @ 39 GHz",5.6 (NOT: absorption)|5.57 (Gemini-South),,UVOT: no detection,"BAT: GCN 32076; GCN 32090|XRT: GCN 32076; GCN 32077; GCN 32081; GCN 32086; Evans et al., 2009, MNRAS, 397, 1177|UVOT: GCN 32076; GCN 32085|Radio: GCN 32110 (ALMA); GCN 32111 (ATCA)|Redshift: GCN 32079 (NOT); GCN 32099 (Gemini-South)",13.55,2.0624048706240488
220101A,4.618,220101A,220101A,05:09:55,1091527,1.36,31.758,173.36,250,00:05:24.89,31:46:07.7,80.78,1300,00:05:24.80,31:46:08.4,90,V=18.70,"Fermi (LAT & GBM), Xinglong (2.16m), AGILE, THO (16""), Liverpool (2m), CAHA (2.2m), NOT, Konkoly Observatory, Asiago, GMG (2.4m), OASDG (0.5m), Tautenburg (1.34m), LCO (1m), ALMA @ 97.5 GHz, TNG (3.6m), DFOT (1.3m), VLA @ 6.0 Ghz, iTelescope (T21), AZT-33IK (Mondy), SAO RAS Zeiss-1000 (1m), Konus-Wind, THSAO Zeiss-1000, KAP (1.88m)",4.61 (Xinglong: absorption)|4.618 (NOT: absorption)|4.61 (Asiago: absorption),,,"BAT: GCN 31347; GCN 31348; GCN 31369|XRT: GCN 31347; GCN 31349; GCN 31355; Evans et al., 2009, MNRAS, 397, 1177|UVOT: GCN 31347; GCN 31351|Radio: GCN 31372 (ALMA); GCN 31385 (VLA)|Redshift: GCN 31353 (Xinglong); GCN 31359 (NOT); GCN 31363 (Asiago)|Other: GCN 31365; GCN 31648",173.36,30.857956568173726
210702A,1.16,210702A,210702A,19:07:13,1058804,168.57,-36.741,138.2,98,11:14:18.90,-36:44:49.7,95.50,1000,11:14:18.70,-36:44:50.0,104,,"MASTER-SAAO, MeerLICHT (0.6m), VLT, CALET (GBM), AGILE, iTelescope T17 (0.43m), Chilescope RC-1000, Konus-Wind, BOOTES-3/YA (60cm), ALMA @ 95.5 GHz, ATCA @ 16.7, 21.2, & 34 GHz, MeerKAT @ 1.284 GHz",1.1757 (Swift/UVOT: absorption)|1.160 (VLT: absorption),,,"BAT: GCN 30351; GCN 30368|XRT: GCN 30351; GCN 30358; Evans et al., 2009, MNRAS, 397, 1177|UVOT: GCN 30351; GCN 30355; GCN 30356|Radio: GCN 30423 (ALMA); GCN 30424 (ATCA); GCN 30477 (ATCA); GCN 30479 (ALMA); GCN 30538 (MeerKAT)|Redshift: GCN 30355 (Swift/UVOT); GCN 30357 (VLT)",138.2,63.981481481481474
210610B,1.1345,210610B,210610B,19:51:27,1054681,243.929,14.398,69.38,360,16:15:40.47,14:23:56.3,83.92,1070,16:15:40.40,14:23:56.9,92,V=15.63,"MASTER-Kislovodsk, GROWTH-India Telescope (0.7m), CrAO/ZTSh (2.6m), BOOTES-2/TELMA (60cm), MeerLICHT (0.6m), iTelescope (T18), NOT, OSN (1.5m), SAO RAS Zeiss-1000 (1m), HJT (1.5m), GOTO, GTC (10.4m), AGILE, Konus-Wind, University of Siena Observatory (0.3m), Fermi (GBM), HCT (2m), KAIT (0.76m), Radboud (0.28m), ZTF, CrAO/ZTSH (2.6m), Liverpool (2m), ALMA @ 90.5 GHz, VLA @ 14.7 GHz, MITSuME (50cm), SARA-KP (0.9m), Simeiz Obserbatory (1m), BGOP (0.61m), ARO (0.355m), REM (60cm), AbAO, T-CAT (0.4m), CrAO (350mm)",1.13 (NOT: tentative)|1.1345 (GTC)|1.13 (HCT: absorption),"Legacy Survey, PanSTAR, and SDSS archives (See GCN 30188)",,"BAT: GCN 30170; GCN 30207|XRT: GCN 30170; GCN 30189; GCN 30208; Evans et al., 2009, MNRAS, 397, 1177|UVOT: GCN 30170; GCN 30247|Radio: GCN 30217 (ALMA); CGN 30218 (VLA)|Redshift: GCN 30182 (NOT); GCN 30194 (GTC); GCN 30201 (HCT)|Host: GCN 30188",69.38,32.504099320684
210610A,3.5,210610A,210610A,15:03:43,1054627,204.284,14.476,13.62,10,13:37:07.74,14:27:55.4,89.95,,13:37:07.59,14:27:55.0,94,V=16.74,"MITSuME (50cm), Xinglong (2.16m), GROWTH-India (0.7m), MASTER, MeerLICHT (0.6m), Murikabushi (105cm), HJT (1.5m), Konus-Wind, HCT (2m), KAIT (0.76m), CAHA (2.2m), CrAO/ZTSH (2.6m), SAO RAS (1m), Fermi (GBM), Maidanak AZT-22, AbAO (AS-32)",3.54 (Xinglong: absorption)|3.5 (HCT: absorption),,,"BAT: GCN 30160; GCN 30186|XRT: GCN 30160; GCN 30165; GCN 30192; Evans et al., 2009, MNRAS, 397, 1177|UVOT: GCN 30160; GCN 30246|Redshift: GCN 30164 (Xinglong); GCN 30200 (HCT)",13.62,3.0266666666666664
201015A,0.423,201015A,201015A,22:50:13,1000452,354.31,53.446,9.78,2.0,23:37:16.46,53:24:57.7,3214.07,,,,3217,V>19.3,"MASTER-Tavrida, NOT, GOTO, BOOTES-1B (0.3m), GTC (10.4m), Nanshan/NEXT (0.6m), CrAO/ZTSH (2.6m), MAGIC, Fermi (GBM), FRAM-ORM (25cm), AZT-33IK, AZT-20, NUTTelA-TAO / BSTI, MMT (6.5m), Xinglong (2.16m), HCT (2.0m), VLA @ 6 GHz, SAO RAS (1m), Chandra, EVN @ 5GHz",0.426 (GTC: emission)|0.423 (NOT: absorption & emission),,"Due to an observing constraint, Swift did not slew until T0+51.6 minutes.","BAT: GCN 28632; GCN 28658|XRT: GCN 28635; GCN 28647; GCN 28660; GCN 28857; Evans et al., 2009, MNRAS, 397, 1177|UVOT: GCN 28662|Radio: GCN 28688 (VLA); GCN 29028 (EVN)|Redshift: GCN 28649 (GTC); GCN 28661 (NOT)",9.78,6.872803935347856
200205B,954520.0,200205B,200205B,19:21:43,954519|954520,107.76,-56.488,458.0,54,07:11:09.02,-56:29:14.8,342.71,126,07:11:09.15,-56:29:15.3,352,V=16.88,"MASTER, LCO 1(m), VLT, ESO/NTT, Chilescope RC-1000, Konus-Wind",1.465 (VLT: absorption and emission),,,"BAT: GCN 26993; GCN 27012|XRT: GCN 26993; GCN 26999; GCN 27001; Evans et al., 2009, MNRAS, 397, 1177|UVOT: GCN 26993; GCN 27006|Redshift: GCN 26998 (VLT)",458.0,0.0004798218163874865
190829A,0.078,190829A,190829A,19:56:44.60,922968,44.542,-8.958,58.2,64,02:58:10.51,-08:57:29.3,97.31,77.5,,,106,V=17.52,"Fermi (GBM), Dabancheng (0.5m), MASTER-Kislovodsk, GROWTH-India, NOT, GTC (10.4m), H.E.S.S., MPG (2.2m), AGILE, KAIT (0.76m), MMT (6.5m), UKIRT, Liverpool (2m), NOEMA @ 90 GHz, TNG (3.6m), Keck I, uGMRT (1050-1450 MHz), MeerKAT @ 1.3 GHz, LCO (1m), GROND, MASTER-SAAO, Konus-Wind, Stroncone Observatory (50cm), ATCA at 5.5 GHz, ZTSh (2.6m)",0.0785 (GTC: absorption & emission from SDSS J025810.28-085719.2)| 0.078 (Keck I: emission from host),,We note the presence of a galaxy SDSS J025810.28-085719.2 with z=0.07914 centered at a distance of 10 arcseconds from the XRT location.,"BAT: GCN 25552; GCN 25579|XRT: GCN 25552; GCN 25567; GCN 25568; Evans et al., 2009, MNRAS, 397, 1177|UVOT: GCN 25552; GCN 25570|Radio: GCN 25589 (NOEMA); GCN 25627 (uGMRT); GCN 25635 (MeerKAT); GCN 25676 (ATCA)|Redshift: GCN 25565 (GTC); GCN 25595 (Keck I)",58.2,53.98886827458256
190204A,887580.0,190204A,190204A,05:46:01,887579|887580,351.491,54.884,26.4,130,23:25:54.72,54:52:34.8,75.03,572,23:25:54.58,54:52:35.1,84,V=18.30,"MAXI/GSC, AstroSat CZTI, COATLI (50cm), SAO RAS Zeiss-1000, Konus-Wind, CALET",,,This GRB resulted in two BAT triggers in the on-board processing (,,26.4,2.9743764231095528e-05
190114C,0.4245,190114C,190114C,20:57:03,883832,54.503,-26.938,361.5,830,03:38:01.18,-26:56:47.8,63.95,7390,03:38:01.16,-26:56:46.9,74,V=16.28,"MASTER-IAC, MASTER-SAAO, NOT (2.5m), OASDG (0.5m), MAGIC, MPG (2.2m), Fermi (GBM & LAT). GTC (10.4m), ESO-VLT UT2, AGILE/MCAL, INTEGRAL, Insight-HXMT/HE, McDonald Observatory, VLA @ 33.5 GHz, ALMA @ 90 GHz, REM (60cm), LSGT (0.42m), GROWTH-India (0.7m), KMTnet (1.6m), Konus-Wind, UKIRT, CHILESCOPE RC-1000, HCT (2m), ATCA @ 5.5, 9, 17 and 19 GHz, ePESSTO NTT, COATLI (50cm), RT-22 @ 36.8 GHz, HJT (1.5m), MeerKAT @ 1.3 GHz, GMRT @ 1.26 GHz, RTT150 (1.5m), HCT (2m)",0.42 (NOT: absorption)|0.4245 (GTC)|0.4250 (ESO-VLT UT2: absorption & emission),"r'=21.229, i'=21.574, z'=20.994 Pan-STARRS (possible host)",,"BAT: GCN 23688; GCN 23724|XRT: GCN 23688; GCN 23704; GCN 23706; GRB 23736; Evans et al., 2009, MNRAS, 397, 1177|UVOT: GCN 23688; GCN 23725|Radio: GCN 23726 (VLA); GCN 23728 (ALMA); GCN 23745 (ATCA); GCN 23750 (RT-22); GCN 23760 (MeerKAT); GCN 23762 (GMRT)|Redshift: GCN 23695 (NOT); GCN 23708 (GTC); GCN 23710 (ESO-VLT UT2)|Host: GCN 23692 (Pan-STARRS)|Other: GCN 23983 (SN Discovery)",361.5,253.77325377325374
190106A,1.86,190106A,190106A,13:34:44,882252,29.877,23.839,76.8,60,01:59:31.23,23:50:43.8,81.79,1980,01:59:31.16,23:50:43.9,90,V=16.54,"MASTER-Amur, MITSuME (50cm), GMG (2.4m), TSHAO Zeiss-1000 (1m), GWAC-F60B, Xinglong (2.16m), Bassano Bresciano Observatory (250mm), BOOTES-4/MET (0.6m), OASDG (0.5m), VLT, IERCOO/ICSP (0.61m), NEXT (0.6m), Konus-Wind, AZT-33IK, Liverpool (2m), OSN T150, DCT (4.3m)",1.86 (Xinglong: absorption)| 1.86 (GMG: absorption)|1.859 (VLT: absorption),,,"BAT: GCN 23615; GCN 23625|XRT: GCN 23615; GCN 23619; GCN 23633; Evans et al., 2009, MNRAS, 397, 1177|UVOT: GCN 23615; GCN 23626|Redshift: GCN 23623 (Xinglong); GCN 23629 (Xinglong); GCN 23630 (GMG); GCN 23632 (VLT)",76.8,26.85314685314685
180325A,2.248,180325A,180325A,01:53:02,817564,157.416,24.461,94.1,65,10:29:42.57,24:27:48.9,73.38,468,10:29:42.59,24:27:48.6,82,V>18.8,"Liverpool (2m), NOT (2.5m), REM (60cm), HJT (1.5m), SLKT (0.8m), D50 (0.5m), TAROT (25cm), MASTER-OAFA, MASTER-IAC, MPG (2.2m), Konus-Wind, VLT, AstroSat CZTI",2.25 (NOT: absorption)| 2.248 (VLT: absorption),,,"BAT: GCN 22532; GCN 22545|XRT: GCN 22532; GCN 22539; GCN 22540; Evans et al., 2009, MNRAS, 397, 1177|UVOT: GCN 22532; GCN 22549|Redshift: GCN 22535 (NOT); GCN 22555 (VLT)",94.1,28.97167487684729
170202A,3.65,170202A,170202A,18:28:02,736407,152.526,5.021,46.2,33,10:10:03.46,05:00:41.0,72.49,221,10:10:03.49,05:00:41.8,84,V=18.27,"Xinglong  TNT (0.8m), MASTER II, LCO (1m), Zadko (D=100cm), Kanata, NOT, GTC (10.4m), MITSuME (50cm), Xinglong (2.16m), VLT, T100 (1m), LCO FTN (2m), McDonald Observatory (2.1m), HJT (1.5m), VIRT (0.5m), Konus-Wind, CTIO (1.3m)",3.645 (GTC: absorption and emission)|3.65 (Xinglong: absorption)|3.645 (VLT: absorption and emission),,,"BAT: GCN 20575; GCN 20596|XRT: GCN 20575; GCN 20586; GCN 20592; Evans et al., 2009, MNRAS, 397, 1177|UVOT: GCN 20575; GCN 20587|Redshift: GCN 20584 (GTC); GCN 20588 (Xinglong); GCN 20589 (VLT); GCN 20590 (VLT)",46.2,9.935483870967742
161219B,0.1475,161219B,161219B,18:48:39,727541,91.717,-26.801,6.94,15,06:06:51.37,-26:47:29.7,108.25,,06:06:51.43,-26:47:29.5,112,V=16.7,"MPG (2.2m), LCO (1m), Watcher (40cm), ISON/Terskol (0.8m), VLA @ 14.75 GHz, MITSuME (50cm), VLT, SALT, Konus-Wind, ALMA @ 97 GHz, MASTER II, POLAR, UKIRT (3.8m), GTC (10.4m), GMRT @ 1390 MHz, AZT-33IK, ZTSh, AS-32, Zeiss-1000, Chandra",0.1475 (VLT: absorption)|0.1475 (GTC: absorption),,,"BAT: GCN 20296; GCN 20308|XRT: GCN 20296; GCN 20297; GCN 20298; Evans et al., 2009, MNRAS, 397, 1177|UVOT: GCN 20296; GCN 20306|Radio: GCN 20313 (VLA); GCN 20328 (ALMA); GCN 20344 (GMRT)|Redshift: GCN 20321 (VLT)",6.94,6.047930283224401
161017A,2.01,161017A,161017A,17:51:51,718023,142.77,43.125,216.3,53,09:31:04.53,43:07:35.0,57.66,324,09:31:04.60,43:07:36.3,68,V=15.14,"MASTER II, Fermi (GBM), GTC (10.4), TNG (3.6m), LCOGT (1m), MITSuME (50cm), Lomonosov BDRG, MASTER, SARA-RM (1.0m), Liverpool (2m), NOEMA @ 93 and 133 GHz, Konus-Wind",2.0127 (GTC: absorption)|2.01 (TNG: absorption),,,"BAT: GCN 20064; GCN 20076|XRT: GCN 20064; GCN 20067; GCN 20073; Evans et al., 2009, MNRAS, 397, 1177|UVOT: GCN 20064; GCN 20074|Radio: GCN 20081 (NOEMA)|Redshift: GCN 20069 (GTC); GCN 20077 (GTC); GCN 20078 (TNG)",216.3,71.86046511627907
161014A,2.823,161014A,161014A,12:31:22,717500,332.626,7.467,18.3,19,22:10:35.42,07:28:07.4,121.80,,22:10:35.46,07:28:07.3,4000,V=19.1,"MITSuME (50cm), Faulks South (2m), Xinglong (0.8m), Kanata, TSHAO (1m), GTC (10.4m), NOT (2.56m), TNG (3.6m), Fermi (GBM), HJT (1.5m), Konus-Wind, VLT",2.823 (GTC: absorption)|2.823 (VLT: absorption),,,"BAT: GCN 20035; GCN 20049|XRT: GCN 20035; GCN 20040; GCN 20050; Evans et al., 2009, MNRAS, 397, 1177|UVOT: GCN 20040; GCN 20045|Redshift: GCN 20043 (GTC); GCN 20061 (VLT)",18.3,4.786816636149621
160410A,1.72,160410A,160410A,05:09:48,682269,150.695,3.461,8.2,7.8,10:02:44.40,03:28:40.8,82.89,104,10:02:44.37,03:28:42.7,91,V>19.7,"MPG (2.2m), VLT, PROMPT, Keck-I, GMG (2.4m), TAROT (25cm), Konus-Wind, NOT",1.717 (VLT: absorption)|1.72 (Keck-I: absorption),,,"BAT: GCN 19271; GCN 19276|XRT: GCN 19271; GCN 19273; GCN 19282; Evans et al., 2009, MNRAS, 397, 1177|UVOT: GCN 19271; GCN 19275|Redshift: GCN 19274 (VLT); GCN 19278 (Keck-I)",8.2,3.014705882352941
160131A,0.972,160131A,160131A,08:20:31,672236,78.17,-7.037,325,204,05:12:40.32,-07:02:59.5,69.68,1290,05:12:40.33,-07:02:58.81,78,V=15.72,"MASTER II, Faulkes North (2m), TNT (0.8m), WFT (60cm), HJT (1.5m), LCOGT (1m), TNG (3.6m), Khureltogot (ORI-40), Bassano Bresciano Observatory, GTC (10.4m), MPG (2.2m), Murikabushi (1m), Xinglong (2.16m), Sayan Observatory, Abastumani Observatory (0.7m), Sierra Nevada Observatory (1.5m), Konus-Wind, NOEMA @ 93 and 150 GHz, VLA @ 21.8 GHz, AZT-33IK, Zeiss-1000, Astrosat CZTI",0.97 (TNG: absorption)|0.972 (GTC: absorption)|0.97 (Xinglong: absorption),,,"BAT: GCN 18951; GCN 18959|XRT: GCN 18951; GCN 18958; GCN 18963; Evans et al., 2009, MNRAS, 397, 1177|UVOT: GCN 18951; GCN 18970|Radio: GCN 18976 (NOEMA); GCN 18977 (VLA); GCN 18978 (VLA)|Redshift: GCN 18965 (TNG); GCN 18966 (GTC); GCN 18969 (Xinglong)",325.0,164.80730223123732
151027A,0.81,151027A,151027A,03:58:24,661775,272.498,61.361,129.69,78,18:09:56.85,61:21:11.9,87.00,708,18:09:57.26,61:21:05.4,96,V=15.12,"KAIT (0.76m), ISON-NM (0.4m), Palomar (60""), Weihai (1m), MITSuME (50cm), Fermi (GBM), GMG (2.4m), RAPTOR, THO (16""), VLA @ 21.8 GHz, LCOGT-McDonald (1m), Xinglong  (0.8m), Konus-Wind, TUBITAK T100 (1m), NOT, Zeiss-1000 (1m), MAXI, Nikolaev (0.5m), Wiggins (0.35m), Mt. Terskol (Zeiss-600), Sayan (AZT-33IK), Hankasalmi (0.4m), GMRT @ 1390 MHz and 610 MHz, Himalayan Chandra Telescope (2m), Maidanak (AZT-22)",0.38 (XRT: tentative)|0.81 (Keck: absorption)|0.81 (GMG: absorption),,,"BAT: GCN 18478; GCN 18496|XRT: GCN 18478; GCN 18482; GCN 18483; GCN 18490; Evans et al., 2009, MNRAS, 397, 1177|UVOT: GCN 18478; GCN 18502|Radio: GCN 18508 (VLA); GCN 18608 (GMRT); GCN 18620 (GMRT)|Redshift: GCN 18483 (XRT); GCN 18487 (Keck); GCN 18493 (GMG)",129.69,71.65193370165746
150910A,1.36,150910A,150910A,09:04:48,655097,5.677,33.466,112.2,48,00:22:40.16,33:28:22.7,145.30,223,00:22:40.11,33:28:21.9,154,V>17.23,"KAIT (0.76m), Faulkes North (2m), MITSuME (50cm), Nanshan (1m), Lick (3m), GTC (10.4), Zeiss-1000 (SAO RAS), Murikabushi (1m), MPG (2.2m), Okayama Astrophysical Observatory (0.91m), NOT (2.5m), Zeiss-1000 (Tien Shan), VLA @ 9.8 GHz, Chuguev Observatory (0.7m), AS-32 (0.7m), Palomar (60""), Murikabushi (1m), HJT (1.5m), Zeiss-600 (Mt. Terskol), T100 (1m), Zeiss-2000 (Mt. Terskol), AS-32 (0.7m), CrAO Observatory",1.359 (Lick: absorption)|1.360 (GTC: absorption),,UVOT: Preliminary detections using the UVOT photometric system show a very rapid and steep rise in the luminosity of the afterglow over the first 1 ks of observation.,"BAT: GCN 18264; GCN 18268|XRT: GCN 18264; GCN 18272; Evans et al., 2009, MNRAS, 397, 1177|UVOT: GCN 18264; GCN 18270|Radio: GCN 18285 (VLA)|Redshift: GCN 18273 (Lick); GCN 18274 (GTC)",112.2,47.542372881355924
150710B,20542.0,150710B,150710B,08:05:35,Ground Analysis|20542,83.191,-46.96,15,3.5,05:32:52.48,-46:56:31.7,115200,,,,115200,V>19.5,Konus-Wind,,,UVOT: no detection,"BAT: GCN 18009; GCN 18013|XRT: GCN 18018; GCN 18022; Evans et al., 2009, MNRAS, 397, 1177|UVOT: GCN 18018",15.0,0.0007301757289587694
150413A,3.139,150413A,150413A,13:54:58,637899,190.396,71.839,263.6,43,,,303300,,,,,,"MASTER II, MAXI, Khureltogot (ORI-40), Nanshan (1m), Tautenburg (1.34m), Palomar (60""), CAHA (2.2m), University of Athens (0.40m), iTelescope (0.43m & 0.32m), Capannori (0.60m), Virtual Telescope (17""), GMG (2.4m), Asiago (1.8m), Mt. Lemmon (1m), MITSuME (50cm), RTT150 (1.5m), AZT-11, AMI @ 15 GHz, Bassano Bresciano Observatory, SANTEL-650",3.2 (CAHA: absorption)|3.139 (Asiago: absorption),,"Due to an observing constraint, Swift did not observe until T0+4 days.|XRT: no detection",BAT: GCN 17688; GCN 17701; GCN 17731|XRT: GCN 17723|Radio: GCN 17708 (AMI)|Redshift: GCN 17697 (CAHA); GCN 17710 (Asiago),263.6,63.68688088910366
150204A,20477.0,150204A,150204A,06:31:08,Ground Analysis|20477,160.241,-64.043,12,8.0,10:40:56.94,-64:02:19.4,51200,,,,51182,V>19.5,Fermi (GBM),,,UVOT: no detection,BAT: GCN 17404; GCN 17406|XRT: GCN 17409; GCN 17428|UVOT: GCN 17411,12.0,0.0005859947260474656
141229A,20455.0,141229A,141229A,11:49:02,Ground Analysis|20455,,,7,15,04:49:42.79,-19:13:58.1,11700,,,,,,MAXI,,,"XRT: With the present uncertainties, a secure identification of the afterglow is not possible.|First reported by MAXI (GCN 17246)",BAT: GCN 17256|XRT: GCN 17251,7.0,0.000342197888150176
141004A,0.573,141004A,141004A,23:20:54,614390,76.721,12.828,3.92,6.7,05:06:56.07,12:49:10.2,59.89,,05:06:56.14,12:49:11.3,65,V=18.94,"INTEGRAL, CAHA (1.23m), TNG (3.6m), Monte Agliale Observatory (0.5m), HJT (1.5m), NOT (2.5m), MPG (2.2m), Fermi (GBM), GTC (10.4m)",0.57 (NOT: emission)|0.573 (GTC: emission),,,"BAT: GCN 16878; GCN 16892|XRT: GCN 16878; GCN 16883; GCN 16896; Evans et al., 2009, MNRAS, 397, 1177|UVOT: GCN 16878; GCN 16890|Redshift: GCN 16891 (NOT), GCN 16902 (GTC)",3.92,2.49205340114431
140629A,2.29,140629A,140629A,14:17:30,602884,249.017,41.897,42.0,24,16:35:54.48,41:52:36.7,94.25,60.8,16:35:54.42,41:52:36.8,101,V=15.29,"MASTER II, TNT (0.8m), RTT150 (1.5m), Virtual Telescope (14""), Kiso Observatory, NOT, T100 (1.0m), Kanata (1.5m), Murikabushi (1m), BTA (6m), Palomar (60""), VATT, TNG (3.6m), Konus-Wind, Nayuta (2m), Zeiss-1000 (1m), MITSuME (50cm), ARIES Nainital (1.04m)",2.275 (BTA: absorption)|2.29 (TNG: absorption),,,"BAT: GCN 16477; GCN 16481|XRT: GCN 16477; GCN 16479; GCN 16490; Evans et al., 2009, MNRAS, 397, 1177|UVOT: GCN 16477; GCN 16494|Redshift: GCN 16489 (BTA); CGN 16493 (TNG)|Other: GCN Report 479.1",42.0,12.76595744680851
140611A,20385.0,140611A,140611A,03:51:04,Ground Analysis|20385,349.939,-40.111,1.9,,23:19:40.15,-40:06:16.0,80500,,,,,,,,,XRT: cannot determine whether the source is fading and no further observations are planned.|First reported by IPN (GCN 16384).,BAT: GCN 16386|XRT: GCN 16390,1.9,9.320121652114196e-05
140529A,20383.0,140529A,140529A,09:28:06,Ground Analysis|20383,228.81,-41.042,4.5,22,15:15:07.68,-41:03:10.6,65000,,,,65000,,Konus-Wind,,,,BAT: GCN 16340; GCN 16346|XRT: GCN 16342|UVOT: GCN 16343,4.5,0.0002207613814756672
140414A,20375.0,140414A,140414A,06:06:29,Ground Analysis|20375,195.31,56.902,0.7,1.22,,,40400,,,,40000,,,,,"A Swift TOO request was approved to locate the afterglow with XRT, with the observation ID 20375.  Unfortunately, the star tracker did not find enough targets to lock.  Swift will not reobserve the target.|XRT: no detection|UVOT: no detection",BAT: GCN 16110; GCN 16111|XRT: GCN 16113|UVOT: GCN 16114,0.7,3.435414212799372e-05
140311A,5.0,140311A,140311A,21:05:16,591390,209.293,0.607,71.4,23,13:57:13.25,00:38:30.8,9500,,,,9540,V>19.0,"Nanshan (1m), Zadko (100cm), NOT, Kottamia (188cm), Gemini-South, Gemini-North, HJT (1.5m), VLA @ 21.8 GHz",4.95 (Gemini-South: absorption)|~ 5 (NOT: absorption)|4.954 (Gemini-North),,"Due to an observing constraint, Swift did not slew until T0+50.6 minutes|UVOT: no detection","BAT: GCN 15944; GCN 15962|XRT: GCN 15959; GCN 15968; Evans et al., 2009, MNRAS, 397, 1177|UVOT: GCN 15973|Radio: GCN 15985 (VLA)|Redshift: GCN 15961 (Gemini-South); GCN 15964 (NOT); GCN 15966 (Gemini-North)",71.4,11.9
140304A,5.28,140304A,140304A,13:22:31,590206,30.653,33.48,15.6,12,02:02:34.26,33:28:25.7,75.18,62.8,,,138,V>19.5,"MASTER II, Nanshan (1m), Mondy (AZT-33IK), Khureltogot (ORI-40), NOT, GTC (10.4m), Fermi (GBM), HJT (1.5m), VLA @ 6 GHz, CARMA @ 3mm, Suzaku",5.283 (GTC: absorption)| 5.28 (NOT: absorption),,This GRB will enter a Moon observing constraint around 20:00 UT and will not be observable again by Swift until March 6 (Thursday) around 05:30 UT. |UVOT: no detection,"BAT: GCN 15915; GCN 15927|XRT: GCN 15915; GCN 15925; GCN 15926; Evans et al., 2009, MNRAS, 397, 1177|UVOT: GCN 15915; GCN 15920|Radio: GCN 15930 (VLA); GCN 15931 (CARMA)|Redshift: GCN 15922 (GTC); GCN 15924 (NOT); GCN 15936 (GTC)",15.6,2.484076433121019
140206A,2.74,140206A,140206A,07:17:20,585834,145.321,66.762,93.6,160,09:41:20.24,66:45:38.5,43.88,962,09:41:20.26,66:45:38.6,52,V=15.75,"INTEGRAL, Searchlight Observatory Network (40cm), MASTER II, Mt. Nanshan (1m), VT-50 (0.5m), Fermi (GBM), T100 (1.0m), TNG  (3.6m), NOT, Virtual Telescope (0.43m), MITSuME (50cm), Liverpool (2m), Sayan Observatory (AZT-33IK), Discovery Channel Telescope (4.3m)",2.73 (NOT: absorption)|2.74 (TNG: absorption),,,"BAT: GCN 15784; GCN 15805|XRT: GCN 15784; GCN 15793; GCN 15798; Evans et al., 2009, MNRAS, 397, 1177|UVOT: GCN 15787; GCN 15795|Redshift: GCN 15800 (NOT); GCN 15802 (TNG)|Other: GCN Report 466.1",93.6,25.026737967914436
131117A,4.042,131117A,131117A,00:34:04,577968,332.354,-31.761,11.00,2.5,22:09:19.45,-31:45:44.8,66.11,,22:09:19.36,-31:45:44.3,70,V>20.0,"PROMPT (14""), MPG (2.2m), VLT, TAROT (50cm)",4.18 (MPG: photometric)|4.042 (VLT: absorption),,,"BAT: GCN 15490; GCN 15499; GCN 15500|XRT: GCN 15490; GCN 15492; GCN 15495; Evans et al., 2009, MNRAS, 397, 1177|UVOT: GCN 15490; GCN 15496|Redshift: GCN 15493 (MPG)|GCN 15494 (VLT)",11.0,2.18167393891313
131030A,1.295,131030A,131030A,20:56:18,576238,345.074,-5.38,41.1,290,23:00:16.20,-05:22:06.5,78.36,5430,23:00:16.14,-05:22:05.2,90,V=15.98,"Watcher, MASTER II, Liverpool (2m), NOT, GTC (10.4m), D50 (0.5m), BART (0.25m), CAHA (1.23m), Zeiss-1000 (1m), Konus-Wind, iTelescope (T21), TAROT (25cm), HJT (1.5m), Palomar (60""), Xinglong (0.8m), Bassano Bresciano Observatory (32mm), Skinakas Observatory (1.3m), Mt. Lemmon, MITSuME (50cm), DFOT (1.3m)",1.293 (NOT: absorption)|1.295 (GTC: absorption),,,"BAT: GCN 15402; GCN 15456|XRT: GCN 15402; GCN 15416; GCN 15417; Evans et al., 2009, MNRAS, 397, 1177|UVOT: GCN 15402; GCN 15414|Redshift: GCN 15407 (NOT); GCN 15408 (GTC)",41.1,17.908496732026144
131004A,0.71,131004A,131004A,21:41:03,573190,296.108,-2.952,1.54,2.8,19:44:27.16,-02:57:31.0,69.97,,19:44:27.09,-02:57:30.4,75,V>20.24,"NOT, TNG (3.6m), Liverpool (2m), Magellan (6.5m), MPG (2.2m), TNG (4m), Fermi (GBM)",0.717 (Magellan: emission)|0.71 (TNG: emission),,,"BAT: GCN 15303; GCN 15316|XRT: GCN 15303; GCN 15308; GCN 15311; GCN 15318; Evans et al., 2009, MNRAS, 397, 1177|UVOT: GCN 15303; GCN 15313|Redshift: GCN 15307 (Magellan); GCN 15310 (TNG)",1.54,0.9005847953216375
131001A,20297.0,131001A,131001A,05:37:24,Ground Analysis|20297,8.304,25.557,4.9,4.9,,,,,,,79990,,,,,XRT: no detection|UVOT: no detection,BAT: GCN 15281; GCN 15293|XRT: GCN 15288|UVOT: GCN 15288,4.9,0.00024140309390087696
130623A,20284.0,130623A,130623A,11:42:44.7,Ground Analysis|20284,20.723,-77.784,15,5.4,01:23:24.83,-77:46:24.2,,,,,,,"Fermi (GBM), MPG/ESO (2.2m)",,,"XRT: The source reported seems to have faded, suggesting that it may be the X-ray afterglow.|UVOT: no detection",BAT: GCN 14921|XRT: GCN 14926; GCN 14964|UVOT: GCN 14926,15.0,0.0007394626571358146
130606A,5.913,130606A,130606A,21:04:39,557589,249.39,29.796,276.58,29,16:37:35.13,29:47:46.8,72.43,164,,,80,V>20.6,"TELMA (0.6m), CAHA (1.23m), NOT (2.5m), Sutherland Observatory (1.4m), Liverpool (2m), Virtual Telescope (0.43m), GTC (10.4m), Montarrenti Observator (0.53m), TUBITAK (1.0m), MMT (6.5m), HJT (1.5m), Mt. Lemmon (1m), PAIRITEL (1.3m), Palomar (60""), Abastumani Observatory (0.7m), MPG/ESO (2.2m), Konus-Wind, Abastumani Observatory (0.7m), PROMPT (16""), VLT, EVLA @ 21.8 GHz, TAROT (25cm), Liverpool (2m), Chandra",5.91 (GTC: absorption)|5.913 (MMT: absorption)|5.913 (VLT: absorption),,UVOT: no detection,"BAT: GCN 14781; GCN 14819|XRT: GCN 14781; GCN 14811; GCN 14812; Evans et al., 2009, MNRAS, 397, 1177|UVOT: GCN 14781; GCN 14814|Redshift: GCN 14790 (GTC); GCN 14796 (GTC); GCN 14798 (MMT); GCN 14816 (VLT)|Other: GCN Report 444.1",276.58,40.008679299869804
130603B,0.356,130603B,130603B,15:49:14,557310,172.222,17.063,0.18,6.3,11:28:48.15,17:04:16.9,59.05,,,,62,V>19.8,"WHT, NOT (2.5m), GTC, Magellan (6.5m), Tubitak National Observatory (1.0m), Observatorio de Sierra Nevada (1.5m), Gemini-South, VLA @ 5.8 GHz, VLT, Palomar (60""), HJT (1.5m), Konus-Wind, HST, XMM-Newton","0.356 (GTC: absorption & emission)|0.356 (Magellan: emission, host)|0.356 (Gemini-South: emission)|0.3564 (VLT: absorption & emission)",r=20.94 (WHT),,"BAT: GCN 14735; GCN 14741|XRT: GCN 14735; GCN 14739; GCN 14749; Evans et al., 2009, MNRAS, 397, 1177|UVOT: GCN 14735; GCN 14759|Radio: GCN 14751 (VLA)|Redshift: GCN 14744 (GTC); GCN (Magellan); GCN 14747 (GTC); GCN 14748 (Gemini-South); GCN 14757 (VLT)|Host: GCN 14742 (WHT); GCN 14743 (NOT); GCN 14744 (GTC); GCN (Magellan); GCN 14747 (GTC); GCN 14748 (Gemini-South); GCN 14757 (VLT); GCN 14893 (HST)|Other: GCN Report 442.1",0.18,0.13274336283185842
130427A,0.338,130427A,130427A,07:47:57,554620,173.15,27.706,162.83,3100,11:32:32.63,27:41:51.7,140.19,43800,,,147,V=12.1,"ISON-NM (0.45m), Palomar 60"", Faulkes North (2m), PAIRITEL (1.3m), MITSuME (50cm), Gemini-North, iTelescope (T11, T21, T30), Weihai (1m), HJT (1.5m), MAXI/GSC, GMG (2.4m), Zadko (100cm), Fermi (LAT, GBM), AZT-11, T100 (1.0m), RAPTOR, NOT (2.5m), VLA @ 5.8 GHz, SNUO (0.6m), SOAO (0.6m), BOAO, CARMA @ 85 GHz, INTEGRAL, Kanata (1.5m), Konus-Wind, ARIES Nainital (1.04m), Stansbury Park (0.35m), VLT, TNT (80cm), CARMA @ 93 GHz, Nayuta (2m), PROMPT (16""), CrAO RT-22 @ 36 GHz, SARA (0.9m),  Challis Observatory (0.4m), Murikabushi (1m), AGILE, GMRT @ 1390 GHz, ABT (10""), VLA @ 20-22 GHz, KAIT (0.76m), Murikabushi (1m), Pan-STARRS 1 (1.8 m), RHESSI, Tautenburg (1.43m), Sandvreten Observatory (0.45m), NOT, Watcher (40cm), LBT, Keck, William Herschel (4.2m), AZT-33IK, GTC (10.4m), HST, BTA (6m), Konkoly Observatory","0.34 (Gemini-North: absorption)|0.338 (NOT: absorption)|0.3399 (VLT: absorption)|0.340 (LBT: absorption)| 0.3399 (William Herschel: emission, host)| 0.3393 (BTA)","Irregular galaxy, with a broadly elliptical shape (William Herschel).",This is an extremely bright burst in all three instruments.,"BAT: GCN 14448; GCN 14470|XRT: GCN 14448; GCN 14485; GCN 14502; Evans et al., 2009, MNRAS, 397, 1177|UVOT: GCN 14448; GCN 14472|Radio: GCN 14480 (VLA); GCN 14482 (CARMA); GCN 14494 (CARMA); GCN 14505 (RT-22); GCN 14519 (GMRT); GCN 14522 (VLA)|Redshift: GCN 14455 (Gemini-North); GCN 14478 (NOT); GCN 14491 (VLT); GCN 14605 (LBT); GCN 14617 (William Herschel); GCN 14669 (BTA)|Host: GCN 14617 (William Herschel)",162.83,121.6965620328849
130408A,3.757,130408A,130408A,21:51:38,553132,134.398,-32.363,28,23,08:57:37.30,-32:21:39.5,149.89,,08:57:37.30,-32:21:38.9,155,V=15.75,"Liverpool (2m), MPG/ESO  (2.2m), VLT, Gemini-South, Konus-Wind, CTIO (1.3m), Skynet, Suzaku",3.758 (VLT: absorption)|3.757 (Gemini-South),,,"BAT: GCN 14361; GCN 14373|XRT: GCN 14361; GCN 14367; GCN 14369; Evans et al., 2009, MNRAS, 397, 1177|UVOT: GCN 14363; GCN 14370|Redshift: GCN 14365 (VLT); GCN 14366 (Gemini-South)|Other: GCN Report 439.1",28.0,5.88606264452386
130215A,0.58,130215A,130215A,01:31:30,548760,43.486,13.387,65.7,54,,,,,,,,,"ROTSE-IIIb, Skynet, Lick Shane (3m), Palomar (60""), CARMA @ 93 GHz, REM, Harold Johnson Telescope (1.5m), TAROT, Xinglong (2.16m), iTelescope T11, GMG (2.4m), RAPTOR, Fermi (GBM), MITSuME (50cm), MPG/ESO (2.2m), Palomar (200""), Palomar (48""), Suzaku, GTC (10.4)",0.597 (Lick Shane: absorption)|0.58 (GTC: derived),,"Due to a Moon observing constraint, Swift could not slew to the BAT position, thus there are no XRT or UVOT data for this trigger.",BAT: GCN 14204; GCN 14214|Radio: GCN 14210 (CARMA)|Redshift: GCN 14207 (Lick Shane); GCN 14303 (GTC)|Other: GCN Report 420.1,65.7,41.58227848101266
121027A,1.77,121027A,121027A,07:32:29,536831,63.598,-58.839,62.6,20,04:14:23.47,-58:49:46.8,67.38,610,,,77,V>19.5,"MAXI/GSC, Anglo-Australian Telescope, MPG/ESO (2.2m), CTIO (1.3m), Gemini-South, VLT",1.773 (arXiv:1302.2352v1)|1.77 (Gemini-South: absorption)|1.773 (VLT: emission and absorption),,UVOT: Possible Detection,"BAT: GCN 13906; GCN 13907; GCN 13910|XRT: GCN 13906; GCN 13907; GCN 13916; GCN 13921; Evans et al., 2009, MNRAS, 397, 1177|UVOT: GCN 13906; GCN 13907; GCN 13932|Redshift: GCN 13929 (Gemini-South); GCN 13930 (VLT); arXiv:1302.2352v1",62.6,22.59927797833935
120811C,2.67,120811C,120811C,15:34:52,530689,199.69,62.297,26.8,30,13:18:43.94,62:18:02.1,68.67,297,13:18:43.82,62:18:02.8,76,V=18.49,"MASTER II (Amur), RTT150, GTC (10.4m), NOT (2.5m), MASTER II (Tunka), Fermi (GBM), ISON-NM (0.45m), ISON-Kitab (0.4m)",2.671 (GTC: absorption)|2.67 {NOT: absorption),,,"BAT: GCN 13622; GCN 13634|XRT: GCN 13622; GCN 13625; GCN 13630; Evans et al., 2009, MNRAS, 397, 1177|UVOT: GCN 13622; GCN 13629|Redshift: GCN 13628 (GTC); GCN 13632 (NOT)|Other: GCN Report 378.1",26.8,7.302452316076295
120712A,4.15,120712A,120712A,13:42:27,526351,169.598,-20.051,14.7,18,11:18:21.22,-20:02:02.3,90.86,,11:18:21.25,-20:02:01.7,95,V=16.79,"MPG/ESO (2.2m), Gemini-South, VLT, Fermi (GBM)",4.0 (MPG/ESO: photo-z)|4.15 (Gemini-South: absorption)| 4.1745 (VLT: absorption),,,"BAT: GCN 13454; GCN 13455|XRT: GCN 13454; GCN 13456; GCN 13459; Evans et al., 2009, MNRAS, 397, 1177|UVOT: GCN 13454; GCN 13461|Redshift: GCN 13457 (MPG/ESO); GCN 13458 (Gemini-South); GCN 13460 (VLT)",14.7,2.8543689320388346
120422A,0.283,120422A,120422A,07:12:03,520658,136.915,13.974,5.35,2.3,09:07:38.42,14:01:06.0,95.07,312,09:07:38.4,14:01:07.6,104,V>19.4,"Gemini-North (8m), Zadko (100cm), NOT, EVLA @ 6 and 22 GHz, MPI/ESO (2.2m), VLT, Palomar (200"")",0.28 (Gemini-North: emission)|0.283 (VLT: emission),,,"BAT: GCN 13243; GCN 13246|XRT: GCN 13243; GCN 13247; GCN 13249; Evans et al., 2009, MNRAS, 397, 1177|UVOT: GCN 13243; GCN 13248|Radio: GCN 13254 (EVLA)|Redshift: GCN 13251 (Gemini-North); GCN 13257 (VLT)",5.35,4.169914263445051
120404A,2.88,120404A,120404A,12:51:02,519380,235.002,12.883,38.7,16,15:40:02.34,12:53:05.9,130.02,73.4,15:40:02.29,12:53:06.3,138,V=17.69,"Faulkes North (2m), Gemini-North, TNT, MITSuME (50cm), Murikabushi (1m), VLT/UT2, Mt John University Observatory (61cm), MPG/ESO (2.2m), MASTER II, EVLA @ 22 GHz, ARIES (1.04m), ISON-Blagoveschensk Observatory (0.25m and 0.4m), Sayan Observatory",2.876 (Gemini-North: absorption)|~2.88 (VLT/UT2: absorption),,,"BAT: GCN 13208; GCN 13220|XRT: GCN 13208; GCN 13218; GCN 13222; Evans et al., 2009, MNRAS, 397, 1177|UVOT: GCN 13208; GCN 13226|Radio: GCN 13231 (EVLA)|Redshift: GCN 13213 (Gemini-North); GCN 13217 (Gemini-North); GCN 13227 (VLT/UT2)|Other: GCN Report 372.1",38.7,9.974226804123713
120327A,2.813,120327A,120327A,02:55:16,518731,246.854,-29.415,62.9,36,16:27:27.50,-29:24:54.1,75.61,541,16:27:27.48,-29:24:53.74,141,V=15.68,"TAROT (25cm), Liverpool (2m), Skynet/PROMPT, REM, MPI/ESO (2.2m), IAC80 (82cm), Gemini-South, VLT/UT2, Otto-Struve (2.1m), Watcher (40cm), GTC (10.4), NOT, Murikabushi (1m), Zadko (100cm), ATCA @ 34 GHz, CTIO (1.3m)",2.81 (Gemini-South: absorption)|2.813 (VLT/UT2: absorption)| 2.813 (GTC: absorption),,,"BAT: GCN 13123; GCN 13137|XRT: GCN 13123; GCN 13135; GCN 13141; Evans et al., 2009, MNRAS, 397, 1177|UVOT: GCN 13123; GCN 13138|Radio: GCN 13180 (ATCA)|Redshift: GCN 13133 (Gemini-South); GCN 13134 (VLT/UT2); GCN 13146 (GTC)",62.9,16.496197220036716
120119A,1.73,120119A,120119A,04:04:30.21,512035,120.029,-9.076,253.8,170,08:00:06.91,-09:04:54.3,53.29,1060,08:00:06.93,-09:04:53.7,62,V>19.1,"PAIRITEL (1.3m), Liverpool (2m), MPI/ESO (2.2m), PROMPT, Gemini-South (8m), Lick (3m), MMT (6.5m), ISON-NM (0.45m), Konus-Wind, Fermi (GBM), CTIO (1.3m), REM (60cm), TAROT (25cm), GRT,  Mt. Lemmon (1m)",1.728 (Gemini-South: absorption)|1.73 (Lick: absorption)|1.728 (MMT: absorption),,,"BAT: GCN 12859; GCN 12884|XRT: GCN 12859; GCN 12876; GCN 12877; Evans et al., 2009, MNRAS, 397, 1177|UVOT: GCN 12859; GCN 12880|Redshift: GCN 12865 (Gemini-South); GCN 12866 (Lick); GCN 12867 (MMT)",253.8,92.96703296703298
111228A,0.716,111228A,111228A,15:44:43,510649,150.063,18.284,101.20,85,10:00:16.10,18:17:52.2,145.07,882,10:00:16.01,18:17:51.8,155,V=17.73,"TNT, TAROT (25cm), MITSuME (50cm), Fermi (GBM), ARIES NainiTal (1.04m), Asiago Telescope (1.82m), NOT (2.5m), DAO (16""), IAC80 (82cm), GRAS 017 (17""), MASTER II, MPG/ESO (2.2m), MMT (6.5m), PAIRITEL (1.3m), Gemini-South, TNG, GMG (2.4m), T100 (1.0m), VLT, Palomar (60""), Liverpool (2m), PROMPT, CTIO (1.3), Kanata (1.5m), Konus-Wind, Mt. Lemmon (1m), Devasthal Fast Optical Telescope (1.3m), ISON-NM (0.45m), TNG (3.6m)",0.714 (MMT: absorption)|0.716 (Gemini-South: absorption)| 0.7156 (TNG: absorption)|0.713 (NOT: absorption)|0.71627 (VLT: absorption),,,"BAT: GCN 12737; GCN 12749|XRT: GCN 12737; GCN 12747; GCN 12766; Evans et al., 2009, MNRAS, 397, 1177|UVOT: GCN 12737; GCN 12752|Redshift: GCN 12759 (MMT); GCN 12761 (Gemini-South); GCN 12764 (NOT); GCN12770 (VLT)|Other: GCN Report 367.1",101.2,58.97435897435898
111207A,20191.0,111207A,111207A,14:16:59,Ground Analysis|20191,92.924,-39.504,3,,,,,,,,,,,,,,BAT: GCN 12629,3.0,0.00014857369255150555
111008A,4.9898,111008A,111008A,22:12:58,505054,60.439,-32.708,63.46,53,04:01:48.23,-32:42:33.5,,401,,,99,V>19.0,"Gemini-South, NOT (2.5m), La Silla (2.2m), VLT, IAC80, Konus-Wind, EVLA @ 22 GHz, miniTAO (1.0m)",5.0 (Gemini-South: absorption)|4.9898 (VLT: absorption),,,"BAT: GCN 12423; GCN 12424|XRT: GCN 12423; GCN 12425; GCN 12430; Evans et al., 2009, MNRAS, 397, 1177|UVOT: GCN 12423; GCN 12434|Radio: GCN 12436 (EVLA)|Redshift: GCN 12429 (Gemini-South); GCN 12431 (VLT)",63.46,10.594677618618318
110709B,456969.0,110709B,110709B,21:32:39,456967|456969,164.668,-23.47,55.6,94,10:58:37.09,-23:27:17.6,,137,,,91,V>21.5,"Konus-Wind, Suzaku, EVLA @ 5.8 GHz",,,"BAT: detected renewed activity at T+11 min (trigger 456969). RA: 164.655, Dec: -23.456. See GCN 12144 for details.|BATSS: burst detection from Swift-BAT slew data (GCN 12143)|UVOT: no detection","BAT: GCN 12122; GCN 12124; GCN 12130; GCN 12143; GCN 12144|XRT: GCN 12122; GCN 12136; GCN 12142; Evans et al., 2009, MNRAS, 397, 1177|UVOT: GCN 12122; GCN 12140; GCN 12157|Radio: GCN 12190 (EVLA)",55.6,0.00012167100684946496
110503A,1.61,110503A,110503A,17:35:45,452685,132.799,52.211,10.0,100,08:51:06.28,52:12:26.8,93.63,205,08:51:06.21,52:12:27.6,212,V=16.23,"GTC (10.4m), NOT, TLS (2m/1.34m), TNG, SARA (0.9m), EVLA @ 19.2 GHz and 24.5 GHz, Mt. Lemmon (1.0m), CrAO (Shajn), Konus-Wind, AAVSO (0.2m and 0.35m), TAROT (25cm)","1.613 (GTC: absorption)|1.61 (TNG: absorption), PAIRITEL (1.3m)",,,"BAT: GCN 11991; GCN 11995|XRT: GCN 11991; GCN 11992; GCN 11999; Evans et al., 2009, MNRAS, 397, 1177|UVOT: GCN 11991; GCN 12000|Radio: GCN 12003 (EVLA)|Redshift: GCN 11993 (GTC); GCN 11997 (TNG)",10.0,3.8314176245210723
110422A,1.77,110422A,110422A,15:41:55,451901,112.057,75.1,25.9,410,07:28:11.33,75:06:24.4,814.50,62.1,,,822,V=18.72,"AZT-33IK, MASTER II, NOT, Zeiss-1000, TNG (3.6m), THO (14""), McDonald Observatory (2.1m), Konus-Wind, Ishigakijima Astronomical Observatory (1m), CrAO (AZT-11), Suzaku, TNG, GTC (10.4m), CrAO (ZTSh), Herschel",1.77 (TNG: absorption)| 1.770 (GTC: absorption),,,"BAT: GCN 11957; GCN 11959|XRT: GCN 11957; GCN 11965; GCN 11968; Evans et al., 2009, MNRAS, 397, 1177|UVOT: GCN 11957; GCN 11969|Redshift: GCN 11977 (TNG); GCN 11978 (GTC)|Other: GCN Report 362.1",25.9,9.350180505415162
110319B,20158.0,110319B,110319B,19:34:02,Ground Analysis|20158,326.088,-56.774,14.5,10,21:44:22.75,-56:46:56.7,,,,,27685,V>20.0,,,,UVOT: no detection,"BAT: GCN 11813; GCN 11818|XRT: GCN 11814; GCN 11820; Evans et al., 2009, MNRAS, 397, 1177|UVOT: GCN 11817",14.5,0.0007192817104023017
110205A,2.22,110205A,110205A,02:02:41,444643,164.603,67.533,257,170,10:58:31.05,67:31:30.2,155.40,1400,10:58:31.12,67:31:31.2,164,V=15.76,"TAROT (25cm), ROTSE-IIIb, Liverpool, Lick (3m), PAIRITEL (1.3m), GRAS 005, FLWO (1.5m), NOT (2.5m), Zeiss-600, Mt. Lemmon (1.0m), Newcastle Observatory (0.4m), Obs. Chante-Perdix (0.5m), Mt. Lulin (1.0m), MITSuME (50cm), Murikabushi (1m), Lightbuckets (0.61m), Konus-Wind, Himalayan Chandra Telescope (2m), Sayan (AZT-33IK), Suzaku, Calar Alto (2.2m), Konkoly Observatory (60/90cm), EVLA @ 22 GHz","1.98 (Lick: absorption, possible)|2.22 (FLWO: absorption, host)| 2.22 (NOT: absorption)",,,"BAT: GCN 11629; GCN 11646; GCN 11692|XRT: GCN 11629; GCN 11639; GCN 11644; Evans et al., 2009, MNRAS, 397, 1177|UVOT: GCN 11629; GCN 11634; GCN 11649|Radio: GCN 11740 (EVLA)|Redshift: GCN 11635 (Lick); GCN 11638 (FLWO); GCN 11640 (NOT)",257.0,79.81366459627328
101225A,0.4,101225A,101225A,18:37:45,441015,0.2037,44.5739,1088.0,19,00:00:47.51,44:36:01.1,1383.04,236,,,1387,V>21.40,"NOT, WHT (4.2m), Calar Alto (1.23m), Palomar (60""), MMT (6.5m), McDonald Observatory (2.1m), Gemini North",0.847(arXiv:1302.2352v1)|0.40 (Keck I: emission),"R = 24.1 (NOT, possible host)",,"BAT: GCN 11493; GCN 11500; GCN 11504; GCN 11570|XRT: GCN 11493; GCN 11497; GCN 11498; GCN 11501; GCN 11570; Evans et al., 2009, MNRAS, 397, 1177|UVOT: GCN 11499|Redshift: GCN 11522 (Keck I); arXiv:1302.2352v1|Host: GCN 11519 (NOT)|Other: GCN Report 314.1",1088.0,777.1428571428572
100816A,0.8035,100816A,100816A,00:37:51,431764,351.738,26.568,2.9,20,23:26:57.58,26:34:42.2,82.85,131,23:26:57.56,26:34:42.,91,V=21.56,"TNG (3.6m), TAROT (25cm), McDonald Observatory (2.1m), Gemini-North, Calar Alto (1.23m), Lulin (1m), NOT, VLT, Fermi (GBM), GTC (10.4m), Konus-Wind",0.8034 (VLT: emission and absorption)|0.8035 (Gemini-North: absorption)|0.8049 (GTC: absorption),,,"BAT: GCN 11102; GCN 11111; GCN 11113|XRT: GCN 11102; GCN 11110; GCN 11114; Evans et al., 2009, MNRAS, 397, 1177|UVOT: GCN 11102; GCN 11115|Redshift: GCN 11116 (Gemini-North); GCN 11123 (VLT & Gemini-North); GCN 11125 (GTC)|Other: GCN Report 300.1",2.9,1.6079844746326586
100728B,2.106,100728B,100728B,10:31:55,430172,44.051,0.296,12.1,17,02:56:13.50,00:16:51.8,97.05,,02:56:13.467,00:16:52.18,100,V=20.19,"KAIT, Lick (1.0m), PROMPT (16""), ISON-NM Observatory (0.45m), MPI/ESO (2.2m), Fermi (GBM), NOT, VLT",~2.8 (UVOT: photometric)|2.106 (VLT: absorption),,UVOT: The non-detection in the UV filters suggests a photometric redshift of  z~2.8,"BAT: GCN 11009; GCN 11023|XRT: GCN 11009; GCN 11017; GCN 11022; Evans et al., 2009, MNRAS, 397, 1177|UVOT: GCN 11009; GCN 11026; GCN 11028; GCN 11029|Redshift: GCN 11026 (UVOT); GCN 11317 (VLT)",12.1,3.895685769478429
100418A,0.624,100418A,100418A,21:10:08,419797,256.358,11.457,7.0,3.4,17:05:27.22,11:27:40.0,79.13,127,17:05:26.96,11:27:41.9,87,V>19.90,"ESO/MP (2.2m), SARA (0.9m), VLT, Gemini North, ROVOR (16""), PAIRITEL (1.3m), SMA @ 345 GHz, AZT-11, RTT150, REM (60cm), WSRT @ 4.8 GHz, EVLA, Z-600, Russian-Turkish (1.5m), Keck I (10m), Shajn",0.6235 (VLT: absorption)|0.624 (Gemini North: absorption),"g,r,and i bands (SDSS)",UVOT: possible evidence for a supernova,"BAT: GCN 10612; GCN 10615|XRT: GCN 10612; GCN 10614; GCN 10622; Evans et al., 2009, MNRAS, 397, 1177|UVOT: GCN 10612; GCN 10625; GCN 10645; GCN 10661; GCN 10720|Radio: GCN 10630 (SMA); GCN 10647 (WSRT); GCN 10650 (EVLA)|Redshift: GCN 10620 (VLT); GCN 10624 (Gemini North)|Host: GCN 10621 (SDSS)",7.0,4.310344827586206
100219A,4.6667,100219A,100219A,15:15:46,412982,154.202,-12.555,18.8,3.7,10:16:48.52,-12:33:59.6,178.56,,10:16:48.54,-12:33:57.9,183,V>19.7,"NOT, MPI/ESO (2.2m), MITSuME (50cm), VLT, Gemini South, Gunma Astronomical Observatory (150cm)",4.5 (MPI/ESO: photometric)|4.6667 (VLT: absorption)|4.7 (Gemini South: absorption),Palomar: potential (lowish redshift) host candidate.|UVOT: The fading observed suggests that this is the afterglow of GRB 100219A superimposed on the host galaxy candidate (GCN 10433).,,"BAT: GCN 10430; GCN 10434|XRT: GCN 10430; GCN 10437; GCN 10444; Evans et al., 2009, MNRAS, 397, 1177|UVOT: GCN 10430; GCN 10432; GCN 10436|Redshift: GCN 10439 (MPI/ESO); GCN 10441 (VLT); GCN 10443 (Gemini South); GCN 10445 (VLT)|Host: GCN 10433 (Palomar); GCN 10432 (UVOT)",18.8,3.3176275433673923
091208B,1.0633,091208B,091208B,09:49:57,378559,29.411,16.881,14.9,33,01:57:34.13,16:53:23.1,115.14,,01:57:34.09,16:53:22.82,119,,"BOOTES-3, MITSuME (50cm), Faulkes (2m), Gemini North, Fermi (GBM), NOT, ESO/MPI (2.2m), Keck I, Z-600, Gunma Astronomical Observatory (150cm), Xinglong TNT",1.063 (Gemini North: absorption)|1.0633 (Keck I: absorption),,,"BAT: GCN 10256; GCN 10265|XRT: GCN 10256; GCN 10259; GCN 10268; Evans et al., 2009, MNRAS, 397, 1177|UVOT: GCN 10256; GCN 10267|Redshift: GCN 10263 (Gemini North); GCN 10272 (Keck I)|Other: GCN Report 266.1",14.9,7.221441380313091
091127,0.49034,091127,091127,23:25:45,377179,36.581,-18.948,7.1,90,02:26:19.91,-18:57:08.1,3214.62,,02:26:19.89,-18:57:08.63,3219,V=17.0,"Liverpool (2m), REM (60cm), ESO/MPI (2.2m), NOT, CAHA (1.23m), TAROT (25cm), Gemini-North, MASTER II, Fermi (GBM), Mt.Terskol (Z-600), Konus-Wind, PROMPT (16""), Suzaku, VLT, Zadko (1.0m), CTIO (1.3m), Gunma Astronomical Observatory (150cm)",0.490 (Gemini-North: emission)|0.49034 (VLT: emission),,"Due to an observing constraint, Swift will not slew until T0+50 minutes.","BAT: GCN 10191; GCN 10197|XRT: GCN 10201; Evans et al., 2009, MNRAS, 397, 1177|UVOT: GCN 10193; GCN 10199; GCN 10245|Redshift: GCN 10202 (Gemini-North); GCN 10233 (VLT)",7.1,4.764013580793645
091109A,3.076,091109A,091109A,04:57:43,375246,309.252,-44.177,48,16,20:37:01.87,-44:09:31.0,150.68,,20:37:01.80,-44:09:29.6,156,V>19.94,"Faulkes South (2m), ESO/MPI (2.2m), VLT",3.5 (ESO/MPI: photometric)|3.076 (VLT: absorption),,,"BAT: GCN 10138; GCN 10141|XRT: GCN 10138; GCN 10140; GCN 10145; Evans et al., 2009, MNRAS, 397, 1177|UVOT: GCN 10138; GCN 10143|Redshift: GCN 10158 (ESO/MPI); GCN 10246 (ESO/MPI); GCN 10350 (VLT)|Other: GCN Report 258.1",48.0,11.776251226692835
091024,1.091,091024,091024,08:56:01,373674,339.24,56.885,109.8,61,,,3192.00,10,,,~3000,,"Faulkes North (2m), RAS Observatory, Gemini-North, Xinglong TNT, Fermi (GBM), SRO (35cm), Super-LOTIS (0.6m), KAIT, Konus-Wind, Konus-RF, Yunnan Observatory (2.4m), SAO RAS, ZTE",1.092 (Gemini-North)|1.091 (Keck I: absorption),,"Due to an observing constraint, Swift will not slew until T0+50.0 minutes. There will be no XRT or UVOT data until this time.|UVOT: no detection","BAT: GCN 10062; GCN 10072; GCN 10086|XRT: GCN 10069; Evans et al., 2009, MNRAS, 397, 1177|UVOT: GCN 10078|Redshift: GCN 10065 (Gemini North); GCN 10093 (Keck I)",109.8,52.51076040172166
091018,0.971,091018,091018,20:48:19,373172,32.191,-57.546,4.4,14,02:08:44.57,-57:32:53.4,61.49,44,02:08:44.61,-57:32:53.8,68,V=16.4,"ROTSE-III, Magellan Clay, ESO/MPI (2.2m), VLT, BOOTES-3, Faulkes South, Konus-RF, PROMPT (16""), miniTAO (1.0m), CTIO (1.3m)",0.971 (Magellan Clay: absorption)|0.9710 (VLT: absorption),,,"BAT: GCN 10034; GCN 10040|XRT: GCN 10034; GCN 10037; GCN 10055; Evans et al., 2009, MNRAS, 397, 1177|UVOT: GCN 10034; GCN 10041|Redshift: GCN 10038 (Magellan Clay); GCN 10042 (VLT)",4.4,2.2323693556570268
090915,20112.0,090915,090915,15:35:36,Ground Analysis|20112,237.99,15.48,8,5,15:52:04.87,15:29:15.4,,,15:52:04.84,15:29:15.8,44647,V=21.08,SARA (0.9m),,,This was probably the same event as Fermi-GBM trigger 274721737. A Swift TOO has been requested and approved. The narrow-field instruments will observe the location approximately 13 hours after the burst.,"BAT: GCN 9912|XRT: GCN 9914; Evans et al., 2009, MNRAS, 397, 1177|UVOT: GCN 9918",8.0,0.0003977526972604783
090618,0.54,090618,090618,08:28:29,355083,294.008,78.352,113.2,1050,19:35:58.47,78:21:24.4,120.90,31500,19:35:58.69,78:21:24.3,129,V=15.60,"Palomar (60""), KAIT, ROTSE-IIIb, Lick (3m), Observatorio Astrofisico Guillermo Haro (2.1m), Faulkes North, Mt. Lemmon (1.0m), AGILE , SARA (0.9m), Liverpool, AMI Large Array @ 14.6 to 17.5 GHz, VLA @ 8.46 GHz, Fermi GBM, OAUV (0.4m), WSRT @ 4.9 GHz, Shajn, BOAO (15.5cm), SAO RAS (6m), RTT150, Konus-Wind, PAIRITEL (1.3m), AGILE , Suzaku, SARA (0.9m), HCT (2m), Sayan Observatory (1.5m), CORONAS-PHOTON",0.54 (Lick: absorption)|0.54 (SAO RAS: emission),"r = 22.7, i = 22.2 (SDSS)",,"BAT: GCN 9512; GCN 9530; GCN 9534|XRT: GCN 9512; GCN 9521; GCN 9528; Evans et al., 2009, MNRAS, 397, 1177|UVOT: GCN 9512; GCN 9527|Radio: GCN 9532 (AMI Large Array); GCN 9533 (VLA); GCN 9538 (WSRT)|Redshift: GCN 9518 (Lick); GCN 9542 (SAO RAS)|Host: GCN 9526 (SDSS)|Other: GCN Report 232.1",113.2,73.50649350649351
090519,3.85,090519,090519,21:08:56,352648,142.317,0.19,64,12,09:29:06.98,00:10:48.4,114.92,57.7,,,106,V>19.8,"NOT, ESO/MPI (2.2m), VLT",3.9 (ESO/MPI: photometric)|3.85 (VLT: absorption),,UVOT: no detection,"BAT: GCN 9400; GCN 9406|XRT: GCN 9400; GCN 9405; GCN 9411; Evans et al., 2009, MNRAS, 397, 1177|UVOT: GCN 9400; GCN 9407|Redshift: GCN 9408 (ESO/MPI); GCN 9409 (VLT)|Other: GCN Report 219.1",64.0,13.195876288659795
090516A,4.1,090516A,090516A,08:27:50,352190,138.246,-11.848,210,90,09:13:02.52,-11:51:15.9,170,1960,,,171,V>19.63,"Faulkes South (2m), NOT (2.5m), Zadko (1.0m), VLT, ESO/MPI (2.2m), Stardome (0.4m), Fermi (GBM), Konus-Wind",4.109 (VLT: absorption)|4.1 (ESO/MPI: photometric),,UVOT: no detection,BAT: GCN 9374; GCN 9384|XRT: GCN 9374; GCN 9376; GCN 9378|UVOT: GCN 9374; GCN 9377|Redshift: GCN 9381; GCN 9383 (VLT); GCN 9382 (ESO/MPI)|Other: GCN Report 228.1,210.0,41.1764705882353
090426,2.609,090426,090426,12:48:47,350479,189.082,32.978,1.2,1.8,12:36:18.07,32:59:08.8,84.62,,12:36:18.07,32:59:09.6,89,V=19.04,"TNT, Keck-I, MITSuME (50cm), Okayama Astrophysical Observatory (188cm), ESO/MPI (2.2m), VLT, Gao-Mei-GU (2.4m), Gunma Astronomical Observatory (150cm), AZT-11",2.609 (Keck-I: absorption)|2.609 (VLT: absorption),,,"BAT: GCN 9254; GCN 9263; GCN 9272|XRT: GCN 9254; GCN 9259; GCN 9262; Evans et al., 2009, MNRAS, 397, 1177|UVOT: GCN 9254; GCN 9265|Redshift: GCN 9264 (Keck-I); GCN 9269 (VLT)",1.2,0.3325020781379884
090424,0.544,090424,090424,14:12:09,350311,189.531,16.829,48,210,12:38:05.12,16:50:15.6,84.46,654,12:38:05.11,16:50:15.1,91,V=16.86,"ROTSE-IIIa, TNT, Fermi (GBM), Calar Alto (1.23m), Liverpool (2m), AAVSO (0.4m), TAOS (50cm), Gemini-South, ESO/MPI (2.2m), Taurus Hill Observatory (0.35m), Lulin (1m), WHT, Mt. Lemmon (1.0m), VLA @ 8.46 GHz, Suzaku, Sampurnanand (1.04m), Gao-Mei-Gu (2.4m), CTIO (1.3m), ICSP VLF, AZT-11",0.544 (Gemini-South: absorption)|0.544 (WHT),,,"BAT: GCN 9223; GCN 9231|XRT: GCN 9223; GCN 9232; GCN 9237; Evans et al., 2009, MNRAS, 397, 1177|UVOT: GCN 9223; GCN 9234|Radio: GCN 9260 (VLA)|Redshift: GCN 9243 (Gemini-South); GCN 9250 (WHT)|Other: GCN Report 221.1",48.0,31.088082901554404
090423,8.1,090423,090423,07:55:19,350184,148.891,18.165,10.3,5.9,09:55:33.26,18:08:57.9,72.48,,,,77,V>19.6,"UKIRT, Gemini-North, MPI/ESO (2.2m), TNG (3.6m), Okayama Astrophysical Observatory (188cm), Fermi (GBM), Plateau de Bure Interferometer, Spitzer",8.0 (MPI/ESO: photometric)|~8.1 (TNG),,UVOT: no detection,"BAT: GCN 9198; GCN 9204; GCN 9241|XRT: GCN 9198; GCN 9205; GCN 9212; Evans et al., 2009, MNRAS, 397, 1177|UVOT: GCN 9198; GCN 9210|Radio: GCB 9273 (Plateau de Bure)|Redshift: GCN 9215; GCN 9261 (MPI); GCN 9216 (TNG); GCN 9222 (TNG)|Other: GCN Report 211.1|GCN Report 211.2",10.3,1.131868131868132
090313,3.375,090313,090313,09:06:27,346386,198.4,8.086,79,14,13:13:36.25,08:05:50.2,,,,,27000,V=20.10,"KAIT, ESO/MPI (2.2m), Faulkes North (2m), OSN (1.5m), GRAS-04 (0.25m), Gemini-South, PAIRITEL, Zadko, TAROT (25cm), IAC80 (0.8m), MITSuME (50cm), AMI Large Array @ 14.5 to 17.5 GHz, CARMA @ 92.5 GHz, CTIO (1.3m), VLA @ 8.46 GHz, VLT, Melipal, WSRT @ 4.9 GHz, Bologna Observatory (1.52m)",3.375 (Gemini-South: absorption)|3.375 (VLT: absorption)|3.3721 (Melipal: absorption),,"Due to a Moon observing constraint, Swift cannot slew to the BAT position until 16:45 UT. There will thus be no prompt XRT or UVOT data for this trigger.","BAT: GCN 8980; GCN 8981; GCN 8986|XRT: GCN 8991; Evans et al., 2009, MNRAS, 397, 1177|UVOT: GCN 8990; GCN 9006|Radio: GCN 9003; GCN 9017 (AMI Large Array); GCN 9005 (CARMA); GCN 9011 (VLA); GCN 9016 (WSRT)|Redshift: GCN 8994  (Gemini-South); GCN 9012 (VLT); GCN 9015 (Melipal)|Other: GCN Report 204.1",79.0,18.057142857142857
090205,4.6497,090205,090205,23:03:14,342121,220.917,-27.848,8.8,1.9,14:43:38.61,-27:51:10.4,87.61,,,,92,V>20.7,"VLT, ESO/MPI (2.2m), Zadko Telescope (1.0m)",4.7 (ESO/MPI: photometric)|4.6497 (VLT: absorption),,Declared a burst of interest.,"BAT: GCN 8884; GCN 8886|XRT: GCN 8884; GCN 8885; GCN 8891; Evans et al., 2009, MNRAS, 397, 1177|UVOT: GCN 8884; GCN 8893|Redshift: GCN 8888 (ESO/MPI); GCN 8889; GCN 8892 (VLT)|Other: GCN Report 200.1",8.8,1.5576048285749686
090102,1.546,090102,090102,02:55:45,338895,128.248,33.107,27.0,0.68,08:32:58.56,33:06:51.0,387.21,60.9,08:32:58.54,33:06:51.2,395,V=17.02,"TAROT (25cm), REM (60cm), NOT, ESO/MPI (2.2m), IAC80, Palomar (60"" and 200""), Hobby-Eberly, Konus-Wind","1.547 (NOT)|1.546 (Palomar 200"": absorption)|1.55 (Hobby-Eberly: absorption)",R~24.5 (HST),Declared a burst of interest.,"BAT: GCN 8762; GCN 8769|XRT: GCN 8762; GCN 8765; GCN 8767; Evans et al., 2009, MNRAS, 397, 1177|UVOT: GCN 8762; GCN 8770|Redshift: GCN 8766 (NOT); GCN 8773 (Palomar 200"")|Host: GCN 8856 (HST)|Other: GCN Report 192.1",27.0,10.604870384917517
081222,2.77,081222,081222,04:53:59,337914,22.748,-34.095,24,48,01:30:57.69,-34:05:43.0,51.75,391,01:30:57.59,-34:05:41.49,60,V=16.20,"REM (60cm), ESO/MPI (2.2m), Konus-Wind, Faulkes South, Gemini-South, Fermi, Gemini-North, MITSuME (50cm)",~2.7 (UVOT)|2.77 (Gemini-South: absorption)|2.77 (Gemini-North: absorption),,,"BAT: GCN 8691; GCN 8709|XRT: GCN 8691; GCN 8705; Evans et al., 2009, MNRAS, 397, 1177|UVOT: GCN 8691; GCN 8696; GCN 8712|Redshift: GCN 8712 (UVOT); GCN 8713 (Gemini-South); GCN 8718 (Gemini-North)|Other: GCN Report 190.1",24.0,6.36604774535809
081029,3.847,081029,081029,01:43:56,332931,346.776,-68.179,270,21,23:07:05.58,-68:09:20.2,2702.93,,23:07:05.35,-68:09:19.8,2708,V=18.66,"ROTSE-IIIc, ESO/MPI (2.2m), VLT, REM (60cm), Gemini-South, PROMPT (16""), CTIO (1.3m)","3.8479 (VLT: absorption, host)|3.847 (Gemini-South: absorption)",,"Due to an observing constraint, Swift will not slew until T0+41.3 minutes.","BAT: GCN 8435; GCN 8447|XRT: GCN 8443; GCN 8446; Evans et al., 2009, MNRAS, 397, 1177|UVOT: GCN 8450|Redshift: GCN 8438 (VLT); GCN 8448 (Gemini-South)",270.0,55.70455952135342
081008,1.967,081008,081008,19:58:09,331093,279.968,-57.433,185.5,43,18:39:49.92,-57:25:54.7,87.15,150,18:39:49.877,-57:25:52.87,96,V=15.64,"ROTSE-IIIc, VLT, Gemini-South, CTIO (1.3m)",1.9685 (VLT: absorption)|1.967 (Gemini-South: absorption),R=20.75 (Gemini-South),,"BAT: GCN 8344; GCN 8351|XRT: GCN 8344; GCN 8347; GCN 8349; Evans et al., 2009, MNRAS, 397, 1177|UVOT: GCN 8344; GCN 8348|Redshift: GCN 8345; GCN 8350 (VLT); GCN 8346 (Gemini-South)|Host: GCN 8372 (Gemini-South)|Other: GCN Report 173.1",185.5,62.52106504887091
080928,1.69,080928,080928,15:01:32,326115,95.061,-55.176,280,25,06:20:16.82,-55:11:58.8,169.70,577,06:20:16.836,-55:11:58.95,161,V=18.03,"ROTSE-IIIa, ESO/MPI (2.2m), Gemini-South, VLT, Watcher",1.692 (VLT: absorption)|1.69 (Gemini-South: absorption),,,"BAT: GCN 8292; GCN 8294; GCN 8297|XRT: GCN 8292; GCN 8295; GCN 8299; Evans et al., 2009, MNRAS, 397, 1177|UVOT: GCN 8292; GCN 8298|Redshift: GCN 8301 (VLT); GCN 8304 (Gemini-South)",280.0,104.08921933085502
080913,6.7,080913,080913,06:46:54,324561,65.741,-25.127,8,5.6,04:22:54.71,-25:07:46.7,99.49,,,,105,V>20.08,"ESO/MPI (2.2m), VLT, Konus-Wind",6.44 (ESO/MPI: photometric)|6.7 (VLT),,UVOT: no detection,"BAT: GCN 8217; GCN 8222|XRT: GCN 8217; GCN 8219; GCN 8226; Evans et al., 2009, MNRAS, 397, 1177|UVOT: GCN 8217; GCN 8224|Redshift: GCN 8223 (ESO/MPI); GCN 8225 (VLT)|Other: GCN Report 165.1",8.0,1.0389610389610389
080810,3.35,080810,080810,13:10:12,319584,356.783,0.31,106,46,23:47:10.54,00:19:11.2,76.00,426,23:47:10.26,00:19:11.3,65,V=14.06,"KANATA (1.5m), Keck, ROTSE-IIIa, RTT150, NOT, OSN (1.5m), Kanazawa (0.4m), Ondrejov (0.5m), Liverpool (2m), Zeiss-600, MITSuME, Faulkes North, GLAST, Konus-Wind, VLA @ 8.46 GHz, CrAO (AZT-8), La Silla (1.54m)",3.35 (Keck: absorption)|3.35 (RTT150: absorption)|3.35 (NOT: absorption),,,"BAT: GCN 8080; GCN 8082|XRT: GCN 8080; GCN 8086; GCN 8087; Evans et al., 2009, MNRAS, 397, 1177|UVOT: GCN 8080; GCN 8095|Radio: GCN 8103 (VLA)|Redshift: GCN 8083 (Keck); GCN 8088 (RTT150); GCN 8089 (NOT)|Other: GCN Report 157.1|GCN Report 157.2",106.0,24.367816091954026
080804,2.2,080804,080804,23:20:14,319016,328.675,-53.189,34,36,21:54:40.11,-53:11:05.3,99.04,55,21:54:40.2,-53:11:04.6,91,V=17.17,"ROTSE-IIIc, VLT, Faulkes South, Gemini-South, ESO/MPI (2.2m)",2.2045 (VLT: absorption)|2.20 (Gemini-South: absorption),,,"BAT: GCN 8057; GCN 8067|XRT: GCN 8057; GCN 8066; GCN 8070; Evans et al., 2009, MNRAS, 397, 1177|UVOT: GCN 8057; GCN 8069|Redshift: GCN 8058 (VLT); GCN 8065 (Gemini-South)|Other: GCN Report 158.1",34.0,10.625
080721,2.591,080721,080721,10:25:16,317508,224.481,-11.709,16.2,120,14:57:55.85,-11:43:24.9,108.03,50,14:57:55.855,-11:43:24.54,118,V=14.98,"Lulin (1m), Konus-Wind, TNG, NOT",2.602 (TNG: absorption)|2.591 (NOT: absorption),,,"BAT: GCN 7988; GCN 7992|XRT: GCN 7988; GCN 7989; GCN 7993; GCN 7994; Evans et al., 2009, MNRAS, 397, 1177|UVOT: GCN 7988; GCN 7991; GCN 7996|Redshift: GCN 7997 (TNG); GCN 7998 (NOT)|Other: GCN Report 156.1",16.2,4.511278195488721
080603B,2.69,080603B,080603B,19:38:13,313087,176.554,68.061,60,24,11:46:07.62,68:03:39.5,61.77,1210,11:46:07.66,68:03:39.99,63,V=16.48,"ROTSE-IIId, Super-LOTIS (0.6m), TAROT (25cm), BOOTES-2/TELMA (60cm), NOT, RTT150, Konus-Wind, Liverpool, Xinglong EST, Hobby-Eberly, TLS (1.34m), PAIRITEL (1.3m), Sayan (1.5m), AZT-11 (Nauchny), AZT-22 (Maidanak)",2.69 (NOT)|2.69 (Hobby-Eberly: absorption),,,"BAT: GCN 7794; GCN 7806|XRT: GCN 7794; GCN 7811; Evans et al., 2009, MNRAS, 397, 1177|UVOT: GCN 7794; GCN 7808|Redshift: GCN 7797 (NOT); GCN 7815 (Hobby-Eberly)|Other: GCN Report 144.1",60.0,16.260162601626018
080430,0.767,080430,080430,19:53:02,310613,165.331,51.682,16.2,12,11:01:14.73,51:41:07.8,48.87,126,11:01:14.66,51:41:08.4,164,V=17.64,"TAROT, BOOTES-1 (0.3m), Calar Alto (2.2m), AsU CAS Ondrejov (0.5m), Nicholas Copernicus Observatory (0.4m), Hobby-Eberly, Zeiss-600 (Mt.Terskol), AAVSO, NOT (2.5m), RTT150, OSN (1.5m), NainiTal (1.04m), Observatoire Chante-Perdix (0.5m), TLS, Vallauris (0.28m), Bologna Observatory (152cm)","~0.75 (Calar Alto: absorption, probable)|0.767 (Hobby-Eberly: absorption)",,,"BAT: GCN 7647; GCN 7656|XRT: GCN 7647; GCN 7652; GCN 7653; Evans et al., 2009, MNRAS, 397, 1177|UVOT: GCN 7647; GCN 7660|Redshift: GCN 7650 (Calar Alto); GCN 7654 (Hobby-Eberly)|Other: GCN Report 139.1",16.2,9.168081494057725
080413B,1.1,080413B,080413B,08:51:12,309111,326.138,-19.981,8.0,32,21:44:34.59,-19:58:51.7,131.25,,21:44:34.65,-19:58:52.40,135,V=17.64,"ESO/MPI (2.2m), REM (60cm), VLT, Gemini-South, Suzaku, Faulkes South (2m), PROMPT (16"")",1.10 (VLT: absorption)|1.10 (Gemini-South: absorption),,,"BAT: GCN 7598; GCN 7606; GCN 7610|XRT: GCN 7598; GCN 7608; Evans et al., 2009, MNRAS, 397, 1177|UVOT: GCN 7598; GCN 7611|Redshift: GCN 7601 (VLT); GCN 7615 (Gemini-South)",8.0,3.8095238095238093
080413A,2.43,080413A,080413A,02:54:19,309096,287.301,-27.677,46,35,19:09:11.69,-27:40:40.0,60.67,366,19:09:11.76,-27:40:40.27,76,V=15.08,"ROTSE-IIIc, TAROT (25cm), REM (60cm), VLT, BOOTES-1 (0.3m), CTIO (1.3m), Gemini-South, Mt. John Observatory (1.8m), Suzaku",2.433 (VLT: absorption)|2.43 (Gemini-South: absorption),,"BAT: GCN 7630, joint Suzaku/WAM and Swift/BAT spectral fit, numbers not reflected in the table.","BAT: GCN 7594; GCN 7604; GCN 7630|XRT: GCN 7594; GCN 7596; GCN 7605; Evans et al., 2009, MNRAS, 397, 1177|UVOT: GCN 7594; GCN 7607|Redshift: GCN 7602 (VLT); GCN 7616 (Gemini-South)|Other: GCN Report 129.1",46.0,13.411078717201166
080330,1.51,080330,080330,03:41:16,308041,169.278,30.607,61,3.4,,,70.54,203,11:17:04.51,30:37:22.1,63,V=18.5,"TAROT, ROTSE-IIIb, Liverpool (2m), PAIRITEL, NOT, ESO/MPI (2.2m), Mt. Lemmon (1.0m), Hobby-Eberly, TNT, CTIO (1.3m), REM (60cm), Mt.Terskol (Zeiss-2m), SAO RAS (1m), PROMPT (16""), RAPTOR, AAVSO",1.51 (NOT: absorption)|1.51 (Hobby-Eberly: absorption),,BAT: burst can be classified as an X-ray flash,"BAT: GCN 7537; GCN 7549|XRT: GCN 7537; GCN 7541; GCN 7555; GCN 7561; GCN 7583; Evans et al., 2009, MNRAS, 397, 1177|UVOT: GCN 7537; GCN 7552|Redshift: GCN 7544 (NOT); GCN 7547 (Hobby-Eberly)|Other: GCN Report 132.1",61.0,24.302788844621517
080310,2.42,080310,080310,08:37:58,305288,220.04,-0.164,365,23,14:40:13.83,-00:10:30.7,89.21,150,14:40:13.80,-00:10:29.6,100,V=17.38,"KAIT, Magellan/Clay (6.5m), CTIO (1.3m), REM (60cm), Super-LOTIS (0.6m), Lick, LBT, VLT-Kueyen, VLT-Antu, Lulin, Keck, RAPTOR, PAIRITEL, MITSuME (50cm), ROTSE-III, Mt. Lemmon (1m), Lulin (1m), GAO 150cm, MDM (2.4m)",2.4266 (Lick: absorption)|2.42 (Magellan: absorption)|2.43 (VLT-Kueyen: absorption)|2.4266 (Keck: absorption),,,"BAT: GCN 7382; GCN 7402|XRT: GCN 7382; GCN 7394; GCN 7399; Evans et al., 2009, MNRAS, 397, 1177|UVOT: GCN 7382; GCN 7398|Redshift: GCN 7388 (Lick); GCN 7389 (Magellan); GCN 7391 (VLT-Kueyen); GCN 7397 (Keck)",365.0,106.72514619883042
080210,2.64,080210,080210,07:50:05,302888,251.259,13.826,45,18,16:45:04.01,13:49:36.2,157.12,,16:45:04.01,13:49:35.9,160,V=17.6,"TAROT (25cm), MPI/ESO(2.2m), PROMPT (16""), VLT, Super-LOTIS (0.6m), Hobby-Eberly Telescope, Keck I, Sayan (1.5m)",2.641 (VLT: absorption)|2.64 (Hobby-Eberly: absorption),,,"BAT: GCN 7281; GCN 7289|XRT: GCN 7281; GCN 7285; GCN 7287; Evans et al., 2009, MNRAS, 397, 1177|UVOT: GCN 7281; GCN 7292|Redshift: GCN 7286 (VLT); GCN 7290 (Hobby-Eberly)|Other: GCN Report 114.1",45.0,12.362637362637361
071227,0.384,071227,071227,20:13:47,299787,58.132,-55.959,1.8,2.2,03:52:31.20,-55:59:03.1,79.09,95.9,03:52:31.102,-55:59:00.65,86,V>20.46,"Konus-Wind, VLT, Suzaku","0.383 (VLT: emission, host redshift)|0.384 (Magellan: emission, host redshift)","Possible Host: edge-on spiral, R=19.3",UVOT: OT candidate from coadded images.,"BAT: GCN 7147; GCN 7148; GCN 7156|XRT: GCN 7147; GCN 7153; Evans et al., 2009, MNRAS, 397, 1177|UVOT: GCN 7147; GCN 7150|Redshift: GCN 7152 (VLT); GCN 7154 (Magellan)|Host: GCN 7151 (Magellan)",1.8,1.300578034682081
071112C,0.823,071112C,071112C,18:32:57,296504,39.218,28.368,15,30,02:36:50.97,28:22:16.7,83.60,125,02:36:50.93,28:22:16.7,92,V=17.9,"ROTSE-IIIc, KANATA (1.5m), TNT (0.8m), EST (1.0m), TAROT (25cm), RTT150, Lulin (1m), NOT, VLT, Crni Vrh (60cm), MITSuME (50cm), Gemini North, Cassini (152cm), AAVSO, MAGNUM, TAOS",0.8230 (VLT: absorption)|0.823 (Gemini North: absorption),,,"BAT: GCN 7059; GCN 7081|XRT: GCN 7059; GCN 7079; Evans et al., 2009, MNRAS, 397, 1177|UVOT: GCN 7059; GCN 7080|Redshift: GCN 7076; GCN 7088 (VLT); GCN 7086 (Gemini North)|Other: GCN Report 104.1|GCN Report 104.2",15.0,8.228195282501371
071020,2.142,071020,071020,07:02:26,294835,119.666,32.857,4.2,23,,,61.24,179,,,,,"ROTSE-IIIb, VLT, PAIRITEL (1.3m), TNT (0.8m), Mt. Lemmon (1.0m), Konus-Wind, VLA @ 8.46 GHz, SARA (0.9m), Taurus Hill Observatory (0.3m), BTA (6.0m), MITSuME (50cm), CrAO (AZT-8)",>2.145 (VLT: absorption)|2.142 (BTA: absorption),,"UVOT: no data products for this burst, because it is still in engineering mode.","BAT: GCN 6949; GCN 6954|XRT: GCN 6949; GCN 6955; Evans et al., 2009, MNRAS, 397, 1177|Radio: GCN 6978 (VLA)|Redshift: GCN 6952 (VLT); GCN 6984 (BTA)|Other: GCN Report 94.1|GCN Report 94.2",4.2,1.3367281985996182
071003,0.937,071003,071003,07:40:55,292934,301.857,10.954,150,83,,,,,,,,,"KAIT (0.76m), Palomar (60""), Sampurnanand (1.04m),  AEOS, Keck I, Faulkes North (2m), Konus-Wind, VLT, VLA @ 8.46 GHz, Keck II",1.100 (Keck I: absorption)|>0.937 (VLT: absorption),,"Swift is in the process of returning to normal operations, automatic slewing to GRBs is currently disabled outside of business hours (US EDT).  Therefore, there are no prompt XRT or UVOT observations of this burst","BAT: GCN 6837; GCN 6842|XRT: GCN 6845; GCN 6855; Evans et al., 2009, MNRAS, 397, 1177|Radio: GCN 6853 (VLA)|Redshift: GCN 6850 (Keck I); GCN 6851 (VLT)|Other: GCN Report 87.1|GCN Report 87.2",150.0,77.43933918430562
070724A,0.457,070724A,070724A,10:53:50,285948,27.824,-18.61,0.4,0.3,01:51:14.05,-18:35:39.9,66.76,64.4,,,58,V>19.5,,"0.457 (Gemini South: emission, from host)|0.457 (VLT: emission, from host)","proposed host from DSS also detected with UKIRT, Palomar 60"", Gemini South, & VLT",UVOT: no detection,"BAT: GCN 6654; GCN 6656|XRT: GCN 6654; GCN 6659; Evans et al., 2009, MNRAS, 397, 1177|UVOT: GCN 6654; GCN 6660|Redshift: GCN 6665 (Gemini South); GCN 6666 (VLT)|Host: GCN 6658 (DSS); GCN 6662 (UKIRT); GCN 6664 (Palomar); GCN 6665 (Gemini South); GCN 6666 (VLT)|Other: GCN Report 74.1|GCN Report 74.2",0.4,0.27453671928620454
070429B,2.0,070429B,070429B,03:09:04,277582,328.006,-38.857,0.470,0.63,21:52:03.81,-38:49:42.0,256.26,0.699,21:52:03.68,-38:49:43.6,230,V=19.3,,0.904 (Keck I: from probable host),"r=23.18, possible host (Gemini South)|2 host candidates (VLT)|g=24.79,R=23.24, probable host (Keck I)",165 sec slew delay (Earth-limb constraint)|UVOT: possible detection,"BAT: GCN 6358; GCN 6365; arXiv:0707.4626|XRT: GCN 6358; GCN 6360; Evans et al., 2009, MNRAS, 397, 1177|UVOT: GCN 6358; GCN 6366; GCN 7145|Redshift: GCN 7140 (Keck I)|Host: GCN 6368; GCN 6370 (Gemini South); GCN 6372 (VLT); GCN 7140 (Keck I)|Other: GCN Report 51.1",0.47,0.15666666666666665
070318,0.84,070318,070318,07:28:56,271019,48.486,-42.95,74.600,24.80,03:13:56.77,-42:56:47.3,63.58,261,03:13:56.83,-42:56:46.3,180,V=15.43,"VLT, Gemini South, Magellan Baade, CTIO (1.3m)",0.836 (VLT: absorption)|0.840 (Gemini/Magellan: absorption),,UVOT: flattening of the lightcurve (not due to host galaxy),"BAT: GCN 6210; GCN 6212; arXiv:0707.4626|XRT: GCN 6210; GCN 6214; Evans et al., 2009, MNRAS, 397, 1177|UVOT: GCN 6210; GCN 6213; GCN 6215; GCN 6220|Redshift: GCN 6216 (VLT); GCN 6217 (Gemini/Magellan)|Other: GCN Report 40.1|GCN Report 40.2",74.6,40.54347826086956
070306,1.497,070306,070306,16:41:28,263361,148.154,10.44,209.500,53.80,09:52:23.29,10:28:55.5,153.20,1280,,,146,V>20.5,"WHT (4.2m), NOT, VLT",possible redshift:|1.497 (VLT: emission),,UVOT: no detection,"BAT: GCN 6169; GCN 6173; arXiv:0707.4626|XRT: GCN 6169; GCN 6172; Evans et al., 2009, MNRAS, 397, 1177|UVOT: GCN 6169; GCN 6177|Redshift: GCN 6202 (VLT)|Other: GCN Report 38.1|GCN Report 38.2",209.5,83.90068081698038
061007,1.262,061007,061007,10:08:09,232683,46.299,-50.496,75.300,444.00,03:05:19.60,-50:30:02.4,80.45,3360,03:05:19.6,-50:30:02.4,80,V=12.84,"ROTSE-IIIa, Faulkes South (2m), Magellan Clay, VLT, Konus-Wind, Suzaku, RHESSI",1.261 (Magellan Clay: absorption)|1.262 (VLT: absorption),,,"BAT: GCN 5707; GCN 5713; arXiv:0707.4626|XRT: GCN 5707; GCN 5712; GCN 5714; Evans et al., 2009, MNRAS, 397, 1177|UVOT: GCN 5707; GCN 5719|Redshift: GCN 5715 (Magellan Clay); GCN 5716 (VLT)|Other: GCN Report 7.1",75.3,33.289124668435015
060912A,0.937,060912A,060912A,13:55:54,229185,5.285,20.971,5.000,13.50,00:21:08.13,20:58:18.5,108.88,10,00:21:08.16,20:58:17.8,113,V=17.4,"TNT (0.8m), Skinakas (1.3m), Maidanak (1.5m), Konus-Wind, MAGIC, VLT",probably host redshift:|0.937 (VLT: emission),probable host (VLT),,"BAT: GCN 5558; GCN 5561; arXiv:0707.4626|XRT: GCN 5558; GCN 5562; Evans et al., 2009, MNRAS, 397, 1177|UVOT: GCN 5558; GCN 5565|Redshift: GCN 5617 (VLT)|Host: GCN 5573 (VLT)",5.0,2.5813113061435207
060614,0.125,060614,060614,12:43:49,214805,320.877,-53.027,108.700,204.00,21:23:32.12,-53:01:36.6,91.40,6000,21:23:32.08,-53:01:36.2,101,V=19.54,"Watcher (0.4m), Siding Spring Observatory (1m), CTIO (1.3m), VLT-UT1, Konus-Wind, VLT-UT2, La Silla (Danish 1.54m), Gemini South",0.13 (Gemini: emission)|0.125 (VLT: emission),R-band (Danish 1.54m)|I = 21.9 (SMARTS),"UVOT: possible, late-time rebrightening","BAT: GCN 5252; GCN 5256; GCN 5262; arXiv:0707.4626|XRT: GCN 5252; GCN 5254; GCN 5262; Evans et al., 2009, MNRAS, 397, 1177|UVOT: GCN 5252; GCN 5255; GCN 5262; GCN 5281; GCN 5286|Redshift: GCN 5275 (Gemini); GCN 5276 (VLT)|Host: GCN 5277 (Danish 1.54m); GCN 5282 (SMARTS)",108.7,96.62222222222222
060605,3.7,060605,060605,18:15:45,213630,322.128,-6.071,79.100,6.97,21:28:37.31,-06:03:30.7,92.39,0.999,21:28:37.32,-06:03:31.3,97,V=16.53,"ROTSE-III, ANU (2.3m), RTT150, TNG (3.6m), SALT (10m), TNT (0.8m), VATT, NOT, Calar Alto (3.5m)",3.8 (ANU: absorption)|3.7 (SALT: absorption)|3.78 (Calar Alto),,,"BAT: GCN 5221; GCN 5231; arXiv:0707.4626|XRT: GCN 5221; GCN 5227; Evans et al., 2009, MNRAS, 397, 1177|UVOT: GCN 5221; GCN 5228|Redshift: GCN 5223 (ANU); GCN 5226 (SALT); GCN 5489 (Calar Alto); GCN 6166 (Calar Alto)|Host: GCN 5489 (Calar Alto)",79.1,16.829787234042552
060418,1.489,060418,060418,03:06:08,205851,236.431,-3.64,103.100,83.30,15:45:42.64,-03:38:20.4,77.97,1600,15:45:42.60,-03:38:20.0,88,V=14.99,"REM (60cm), Liverpool (2m), Magellan, SMARTS (1.3m), PROMPT, VLT, FRAM, AAVSO, PAIRITEL (1.3m), Lulin (1m), CFHT/WIRCam, Konus-Wind, Maidanak (1.5m)",1.490 (Magellan: absorption)|1.489 (VLT: absorption),,,"BAT: GCN 4966; GCN 4975; arXiv:0707.4626|XRT: GCN 4966; GCN 4973; GCN 5009; Evans et al., 2009, MNRAS, 397, 1177|UVOT: GCN 4966; GCN 4978|Redshift: GCN 4969; GCN 5002 (Magellan); GCN 4974 (VLT)",103.1,41.42225793491362
060206,4.048,060206,060206,04:46:53,180455,202.933,35.046,7.600,8.31,13:31:43.45,35:03:03.2,58.35,,13:31:43.42,35:03:03.6,57,V=18.8,"NOT, RAPTOR, SARA, KAIT, Palomar (60""), Liverpool (2m), Lulin (0.4m & 1.0m), Super-LOTIS (0.6m), Lick (3m), PAIRITEL, Subaru (8.2m), Asiago, PROMPT, Loiano (1.52m), SOAR (4.1m), Maidanak (1.5m)",4.045 (NOT: absorption)|4.048 (Lick: absorption)|4.05 (Subaru: absorption),,,"BAT: GCN 4682; GCN 4697; arXiv:0707.4626|XRT: GCN 4682; GCN 4689; GCN 4694; Evans et al., 2009, MNRAS, 397, 1177|UVOT: GCN 4682; GCN 4684; GCN 4722|Redshift: GCN 4686 (NOT); GCN 4692 (NOT); GCN 4701 (Lick); GCN 4703 (Subaru)",7.6,1.5055467511885894
060123,20028.0,060123,060123,22:22:40,Ground Analysis|20028,179.75,45.513,900,3.0,11:58:47.95,45:30:49.6,,,,,75094,V>20.0,Gemini,"1.099 (probable, Gemini: emission)",,"very long, faint burst|BAT: no trigger","BAT: GCN 4584; GCN 4608|XRT: GCN 4584; GCN 4600; GCN 4608; Evans et al., 2009, MNRAS, 397, 1177|UVOT: GCN 4584|Redshift: GCN 4622 (Gemini)",900.0,0.04493484447551051
050922C,2.198,050922C,050922C,19:55:50,156467,317.383,-8.764,4.500,16.20,21:09:33.08,-08:45:30.2,,,21:09:33.0,-08:45:30.1,111,V=14.60,"ROTSE-III, NOT, Terskol (60 cm), Wise (1m), HETE, Cordell-Lorenz Observatory, MonteBoo, N. Copernicus (40 cm), Konus-Wind, TNG, VLT",2.198 (NOT: absorption)|2.198 (TNG: absorption)|2.199 (VLT: absorption),,,"BAT: GCN 4013; GCN 4020; TS table 9/24/05; arXiv:0707.4626|XRT: GCN 4013; GCN 4022; Evans et al., 2009, MNRAS, 397, 1177|UVOT: GCN 4013; GCN 4041|Redshift: GCN 4017; GCN 4029 (NOT); GCN 4032 (TNG); GCN 4044 (VLT)",4.5,1.4071294559099436
050908,3.3437,050908,050908,05:42:31,154112,20.457,-12.95,19.400,4.83,01:21:50.70,-12:57:18.0,,,,,105,V=19.3,"New Mexico Sky Observatory, Palomar (60""), KAIT (Lick), PROMPT, VLT, GMOS, AAVSO, WIRO, Keck, Maidanak",3.350 (VLT: absorption)|3.3437 (GMOS: absorption)|3.3440 (Keck: absorption),,,"BAT: GCN 3942; GCN 3951; TS table 9/13/05, 9/24/05; arXiv:0707.4626|XRT: GCN 3942; GCN 3946; GCN 3952; Evans et al., 2009, MNRAS, 397, 1177|UVOT: GCN 3942; GCN 3954; GCN 3960|Redshift: GCN 3948 (VLT); GCN 3949 (GMOS); GCN 3971 (Keck)",19.4,4.466238460298823
050904,6.1,050904,050904,01:51:44,153514,13.77,14.189,174.200,48.30,,,,,,,164,V>20.9,"4.1m SOAR, TAROT, 3.6m TNG, VLT, BOOTES, Keck II, Subaru","6 < z < 8 (SOAR, UNC: photometric)|6.10 (VLT: photometric)|6.29 (Subaru: absorption)",,,"BAT: GCN 3910; GCN 3918; GCN 3938; TS table 9/13/05, 9/24/05; arXiv:0707.4626|XRT: GCN 3910; GCN 3920; Evans et al., 2009, MNRAS, 397, 1177|UVOT: GCN 3910; GCN 3923|Redshift: GCN 3914 (SOAR; GCN UNC); GCN 3924 (VLT); GCN 3937 (Subaru)|Other: Nature, 440, 164, 2006",174.2,24.535211267605632
050820A,2.6147,050820A,050820A,06:34:53,151207,337.416,19.56,26,34.40,22:29:38.12,19:33:37.0,,,,,80,V=18.2,"Palomar (60""), Keck, RAPTOR, WIRO, RTT150, VLT, PROMPT, Konus-Wind, VLA @ 8.46 GHz",2.612 (Keck: absorption)|2.6147 (VLT: absorption),,"BAT: second, larger, harder episode of emission seen","BAT: GCN 3830; GCN 3835; GCN 3858; TS table 9/13/05, 9/24/05; arXiv:0707.4626|XRT: GCN 3830; GCN 3837; Evans et al., 2009, MNRAS, 397, 1177|UVOT: GCN 3830; GCN 3838|Radio: GCN 3847|Redshift: GCN 3833 (Keck); GCN 3860 (VLT)",26.0,7.19285141228871
050803,0.422,050803,050803,19:14:00,148833,350.65,5.788,87.900,21.50,23:22:37.85,05:47:08.5,,,,,185,V>18.8,"Magellan, Keck, CrAO",possible redshift:|0.422 (Keck: emission),Magellan: possible host,,"BAT: GCN 3748; GCN 3757; TS table 9/13/05, 9/24/05; arXiv:0707.4626|XRT: GCN 3748; GCN 3752; Evans et al., 2009, MNRAS, 397, 1177|UVOT: GCN 3748; GCN 3759|Redshift: GCN 3758 (Keck)|Host: GCN 3753",87.9,61.81434599156119
050802,1.434,050802,050802,10:08:02,148646,219.283,27.799,19.000,20.00,14:37:05.85,27:47:11.8,,,14:37:05.69,27:47:12.2,286,V=17.07,"CrAO, TNG, NOT",1.71 (NOT: absorption)|1.434 (TOUGH: emission),,,"BAT: GCN 3734; GCN 3737; TS table 9/13/05, 9/24/05; arXiv:0707.4626|XRT: GCN 3734; GCN 3735; GCN 3740; Evans et al., 2009, MNRAS, 397, 1177|UVOT: GCN 3739; GCN 3745|Redshift: GCN 3749 (NOT); arXiv:1205.3490v1 (TOUGH)",19.0,7.806080525883319
050730,3.97,050730,050730,19:58:23,148225,212.069,-3.754,156.500,23.80,14:08:17.18,-03:46:18.1,,,14:08:17.09,-03:46:18.9,119,V=17.842,"optical/IR, XMM-Newton, VLA @ 8.5 GHZ",3.96855 (Magellan II: absorption)|3.97 (WHT: absorption)|3.968 (VLT: absorption),,,"BAT: GCN 3704; GCN 3715; TS table 9/13/05, 9/24/05; arXiv:0707.4626|XRT: GCN 3704; GCN 3714; GCN 3722; Evans et al., 2009, MNRAS, 397, 1177|UVOT: GCN 3704; GCN 3717|Radio: GCN: 3761|Redshift: GCN 3709; GCN 3732 (Magellan II); GCN 3710 (WHT); GCN 3746 (VLT)",156.5,31.488933601609652
050724,0.258,050724,050724,12:34:09,147478,246.175,-27.526,96.000,9.98,16:24:44.33,-27:32:27.2,,,,,,V>18.84,"optical, near-IR, RXTE ASM, GMOS, VLA  @ 8.5GHz",0.257 (GMOS: absorption)|0.258 (Keck: absorption),DSS: possible host galaxy,short GRB|XRT: dust-scattered X-ray halo detected,"BAT: GCN 3665; GCN 3667; TS table 9/13/05, 9/24/05; arXiv:0707.4626|XRT: GCN 3665; GCN 3669; GCN 3678; Evans et al., 2009, MNRAS, 397, 1177|UVOT: GCN 3670|Radio: GCN 3676; GCN 3684|Redshift: GCN 3679 (GMOS); GCN 3700 (Keck)|Host: GCN 3666|Other: Nature, 438, 994, 2005|ApJ, 639, 323, 2006",96.0,76.31160572337043
050410,114299.0,050410,050410,12:14:34,114298|114299,89.757,79.605,42.500,41.50,05:59:14.11,79:36:12.4,,,,,1899,V>19.9,,,,BAT: smooth rounded|AT slew delayed by Earth limb constraint,"BAT: GCN 3219; TS table 9/13/05, 9/24/05; arXiv:0707.4626|XRT: GCN 3218; Evans et al., 2009, MNRAS, 397, 1177|UVOT: GCN 3220; GCN 3230",42.5,0.00037182852143482066
050223,0.584,050223,050223,03:09:06,106709,271.394,-62.465,22.500,6.36,18:05:32.43,-62:28:20.0,,,,,2782,,"INTEGRAL/IBIS, XMM, VLT",0.5915 (Magellan: emission from host)|0.584 (VLT: emission from host),"R = 21.6, Ks = 18.9 (VLT)","BAT: slow rise and fall, several small peaks|UVOT: no detection|No AT slew (too near Earth)","BAT: GCN 3055; TS table 9/13/05, 9/24/05; arXiv:0707.4626|XRT: GCN 3054; position DB table 2/24/05; flux DB table 4/4/05; Evans et al., 2009, MNRAS, 397, 1177|UVOT: GCN 3057|Redshift: GCN 5283 (Magellan); A&A, 459, L5, 2006 (VLT)|Host: GCN 5268 (VLT)|Other: MNRAS, 363, 76P, 2005",22.5,14.204545454545453
041219A,100319.0,041219A,041219A,01:42:18,100307|100319,6.154,62.847,520,1550,,,,,,,,,,,,"BAT: bright, long, multipeaked|No AT slew|XRT: no observation|UVOT: no observation","BAT: GCN 2874; SB table 2/17/05; arXiv:0707.4626; Nature, 435,178, 2005",520.0,0.00518341307814992
